{"stats":{"minecraft:dropped":{"minecraft:moss_block":3,"minecraft:diamond_axe":1,"minecraft:baked_potato":50,"minecraft:diamond_leggings":1,"minecraft:carrot":3,"minecraft:coal":1,"minecraft:golden_apple":1,"minecraft:emerald":1,"minecraft:ladder":1,"minecraft:netherrack":1},"minecraft:used":{"minecraft:stone_pickaxe":2,"minecraft:redstone":8,"minecraft:diamond_axe":9,"minecraft:dirt":10,"minecraft:carrot":9,"minecraft:shulker_box":2,"minecraft:diamond_pickaxe":47,"minecraft:iron_pickaxe":77,"minecraft:diamond_sword":3,"minecraft:bow":12,"minecraft:chainmail_boots":2,"minecraft:potato":3},"minecraft:killed_by":{"minecraft:zombie_villager":1,"minecraft:player":1},"minecraft:picked_up":{"minecraft:mud":2,"minecraft:chainmail_boots":1,"minecraft:ladder":2,"minecraft:clay_ball":12,"minecraft:andesite":1,"minecraft:potato":6,"minecraft:oak_log":10,"minecraft:ancient_debris":6,"minecraft:amethyst_block":1,"minecraft:lapis_lazuli":13,"minecraft:dirt":14,"minecraft:raw_copper":18,"minecraft:blackstone":3,"minecraft:gold_nugget":9,"minecraft:cobbled_deepslate":4,"minecraft:raw_gold":1,"minecraft:spruce_planks":1,"minecraft:stone_pickaxe":1,"minecraft:iron_pickaxe":1,"minecraft:moss_block":15,"minecraft:glowstone_dust":7,"minecraft:soul_sand":4,"minecraft:raw_iron":2,"minecraft:quartz":2,"minecraft:dripstone_block":3,"minecraft:diorite":3,"minecraft:carrot":3,"minecraft:redstone":33,"minecraft:shulker_box":2,"minecraft:rotten_flesh":1,"minecraft:diamond":5,"minecraft:granite":3,"minecraft:golden_apple":1,"minecraft:emerald":6,"minecraft:baked_potato":50,"minecraft:netherrack":4,"minecraft:obsidian":12,"minecraft:coal":7,"minecraft:cobblestone":19,"minecraft:diamond_pickaxe":1},"minecraft:mined":{"minecraft:nether_gold_ore":2,"minecraft:deepslate_redstone_ore":7,"minecraft:blackstone":3,"minecraft:soul_sand":4,"minecraft:deepslate_diamond_ore":1,"minecraft:shulker_box":2,"minecraft:obsidian":6,"minecraft:clay":3,"minecraft:granite":3,"minecraft:grass_block":15,"minecraft:nether_quartz_ore":2,"minecraft:deepslate_coal_ore":6,"minecraft:spruce_leaves":6,"minecraft:deepslate_gold_ore":1,"minecraft:moss_block":12,"minecraft:sculk":2,"minecraft:diorite":3,"minecraft:amethyst_block":1,"minecraft:deepslate_copper_ore":4,"minecraft:glowstone":2,"minecraft:mud":2,"minecraft:andesite":1,"minecraft:deepslate_lapis_ore":3,"minecraft:oak_log":9,"minecraft:deepslate_iron_ore":2,"minecraft:dripstone_block":3,"minecraft:stone":16,"minecraft:netherrack":4,"minecraft:ancient_debris":3,"minecraft:deepslate_emerald_ore":5,"minecraft:deepslate":4},"minecraft:killed":{"minecraft:zombie":2},"minecraft:crafted":{"minecraft:bow":2,"minecraft:gold_ingot":14},"minecraft:custom":{"minecraft:interact_with_furnace":3,"minecraft:mob_kills":2,"minecraft:interact_with_crafting_table":2,"minecraft:open_shulker_box":5,"minecraft:leave_game":1,"minecraft:time_since_death":0,"minecraft:climb_one_cm":5875,"minecraft:time_since_rest":534,"minecraft:sprint_one_cm":40608,"minecraft:damage_taken":880,"minecraft:walk_one_cm":60609,"minecraft:drop":12,"minecraft:damage_dealt":200,"minecraft:talked_to_villager":7,"minecraft:fly_one_cm":48202,"minecraft:open_chest":34,"minecraft:crouch_one_cm":3622,"minecraft:play_time":24908,"minecraft:deaths":2,"minecraft:sneak_time":886,"minecraft:boat_one_cm":11132,"minecraft:jump":336,"minecraft:walk_on_water_one_cm":878,"minecraft:total_world_time":24908,"minecraft:fall_one_cm":8420}},"DataVersion":3953}