{"stats":{"minecraft:dropped":{"minecraft:baked_potato":50,"minecraft:golden_apple":1},"minecraft:used":{"minecraft:diamond_pickaxe":28,"minecraft:redstone":8,"minecraft:stone_pickaxe":2,"minecraft:iron_pickaxe":77,"minecraft:diamond_axe":9,"minecraft:diamond_sword":3,"minecraft:dirt":10,"minecraft:chainmail_boots":1,"minecraft:carrot":8},"minecraft:picked_up":{"minecraft:mud":2,"minecraft:raw_iron":2,"minecraft:ladder":1,"minecraft:clay_ball":12,"minecraft:andesite":1,"minecraft:quartz":2,"minecraft:potato":3,"minecraft:dripstone_block":3,"minecraft:oak_log":8,"minecraft:diorite":3,"minecraft:amethyst_block":1,"minecraft:redstone":25,"minecraft:lapis_lazuli":13,"minecraft:dirt":14,"minecraft:raw_copper":10,"minecraft:blackstone":3,"minecraft:rotten_flesh":1,"minecraft:diamond":1,"minecraft:gold_nugget":9,"minecraft:cobbled_deepslate":4,"minecraft:raw_gold":1,"minecraft:golden_apple":1,"minecraft:granite":3,"minecraft:baked_potato":50,"minecraft:glowstone_dust":7,"minecraft:emerald":4,"minecraft:moss_block":9,"minecraft:netherrack":3,"minecraft:obsidian":6,"minecraft:soul_sand":4,"minecraft:coal":5,"minecraft:cobblestone":13},"minecraft:mined":{"minecraft:nether_gold_ore":2,"minecraft:deepslate_redstone_ore":6,"minecraft:glowstone":2,"minecraft:soul_sand":4,"minecraft:mud":2,"minecraft:blackstone":3,"minecraft:deepslate_diamond_ore":1,"minecraft:andesite":1,"minecraft:deepslate_lapis_ore":3,"minecraft:obsidian":6,"minecraft:clay":3,"minecraft:granite":3,"minecraft:grass_block":14,"minecraft:oak_log":9,"minecraft:deepslate_iron_ore":2,"minecraft:dripstone_block":3,"minecraft:nether_quartz_ore":2,"minecraft:deepslate_coal_ore":5,"minecraft:deepslate_gold_ore":1,"minecraft:spruce_leaves":4,"minecraft:stone":13,"minecraft:deepslate":4,"minecraft:netherrack":3,"minecraft:moss_block":9,"minecraft:sculk":2,"minecraft:diorite":3,"minecraft:deepslate_emerald_ore":4,"minecraft:amethyst_block":1,"minecraft:deepslate_copper_ore":3},"minecraft:killed":{"minecraft:zombie":1},"minecraft:custom":{"minecraft:time_since_rest":14557,"minecraft:interact_with_furnace":2,"minecraft:sprint_one_cm":19137,"minecraft:damage_taken":375,"minecraft:walk_one_cm":32530,"minecraft:mob_kills":1,"minecraft:drop":3,"minecraft:damage_dealt":170,"minecraft:talked_to_villager":1,"minecraft:fly_one_cm":11944,"minecraft:open_chest":20,"minecraft:crouch_one_cm":913,"minecraft:open_shulker_box":3,"minecraft:play_time":14557,"minecraft:sneak_time":243,"minecraft:climb_one_cm":3384,"minecraft:jump":106,"minecraft:walk_on_water_one_cm":81,"minecraft:time_since_death":14557,"minecraft:total_world_time":14557,"minecraft:fall_one_cm":1314}},"DataVersion":3953}