{"stats":{"minecraft:used":{"minecraft:iron_pickaxe":1,"minecraft:stone_pickaxe":1},"minecraft:picked_up":{"minecraft:redstone":4,"minecraft:cobblestone":1},"minecraft:mined":{"minecraft:deepslate_redstone_ore":1,"minecraft:stone":1},"minecraft:custom":{"minecraft:jump":14,"minecraft:open_chest":4,"minecraft:time_since_rest":2557,"minecraft:open_shulker_box":2,"minecraft:sprint_one_cm":4687,"minecraft:play_time":2557,"minecraft:damage_taken":10,"minecraft:time_since_death":2557,"minecraft:walk_one_cm":2696,"minecraft:total_world_time":2557,"minecraft:fall_one_cm":418,"minecraft:fly_one_cm":2178}},"DataVersion":3953}