{"stats":{"minecraft:dropped":{"minecraft:water_bucket":1,"minecraft:iron_ingot":12,"minecraft:soul_sand":3,"minecraft:moss_block":1,"minecraft:baked_potato":14,"minecraft:diamond":3,"minecraft:dripstone_block":2,"minecraft:cobblestone":3,"minecraft:lead":2,"minecraft:granite":35,"minecraft:coal":2,"minecraft:stick":2,"minecraft:emerald":9,"minecraft:dirt":1,"minecraft:diorite":4,"minecraft:torch":5,"minecraft:wooden_axe":1,"minecraft:potion":2,"minecraft:gold_nugget":4,"minecraft:iron_axe":1,"minecraft:mud":3,"minecraft:iron_pickaxe":2,"minecraft:string":18,"minecraft:fishing_rod":1,"minecraft:acacia_planks":1,"minecraft:spruce_sapling":7,"minecraft:gold_ingot":7,"minecraft:bone":1,"minecraft:stone_axe":2,"minecraft:stone_sword":1,"minecraft:cobbled_deepslate":6,"minecraft:raw_iron":1,"minecraft:clay_ball":4,"minecraft:oak_planks":8,"minecraft:glowstone_dust":4,"minecraft:carrot":10,"minecraft:potato":6,"minecraft:turtle_helmet":1,"minecraft:spruce_boat":1,"minecraft:gunpowder":1,"minecraft:spruce_trapdoor":10,"minecraft:spruce_planks":14,"minecraft:andesite":29,"minecraft:chainmail_boots":2,"minecraft:spider_eye":1,"minecraft:spruce_log":211,"minecraft:slime_ball":5,"minecraft:arrow":12,"minecraft:bow":3,"minecraft:stone_pickaxe":1,"minecraft:raw_gold":4,"minecraft:quartz":2,"minecraft:netherrack":2},"minecraft:killed_by":{"minecraft:creeper":1,"minecraft:skeleton":1},"minecraft:crafted":{"minecraft:oak_planks":28,"minecraft:raw_iron":14,"minecraft:bow":2,"minecraft:jungle_sapling":6,"minecraft:golden_axe":1,"minecraft:spruce_planks":24,"minecraft:stone_axe":2,"minecraft:air":0,"minecraft:stick":12,"minecraft:iron_pickaxe":3,"minecraft:iron_ingot":11,"minecraft:wooden_axe":1,"minecraft:gold_ingot":2},"minecraft:picked_up":{"minecraft:wooden_axe":3,"minecraft:fishing_rod":1,"minecraft:mud":8,"minecraft:wheat":1,"minecraft:chainmail_boots":2,"minecraft:ladder":3,"minecraft:clay_ball":124,"minecraft:turtle_helmet":1,"minecraft:lead":3,"minecraft:wooden_pickaxe":1,"minecraft:potion":2,"minecraft:brick":1,"minecraft:string":21,"minecraft:raw_copper":29,"minecraft:iron_axe":1,"minecraft:gold_nugget":12,"minecraft:cobbled_deepslate":18,"minecraft:bucket":1,"minecraft:spruce_planks":66,"minecraft:spruce_slab":64,"minecraft:iron_pickaxe":2,"minecraft:spruce_trapdoor":10,"minecraft:raw_iron":6,"minecraft:stick":16,"minecraft:torch":8,"minecraft:diorite":38,"minecraft:carrot":22,"minecraft:redstone":44,"minecraft:stone_sword":2,"minecraft:arrow":85,"minecraft:rotten_flesh":3,"minecraft:gold_ingot":7,"minecraft:spruce_hanging_sign":1,"minecraft:cobblestone":142,"minecraft:water_bucket":2,"minecraft:andesite":9,"minecraft:potato":8,"minecraft:oak_log":13,"minecraft:danger_pottery_sherd":1,"minecraft:gunpowder":4,"minecraft:lapis_lazuli":176,"minecraft:dirt":31,"minecraft:bone":1,"minecraft:acacia_planks":13,"minecraft:bow":5,"minecraft:raw_gold":16,"minecraft:iron_ingot":9,"minecraft:stone_pickaxe":1,"minecraft:glowstone_dust":26,"minecraft:moss_block":33,"minecraft:oak_planks":21,"minecraft:soul_sand":4,"minecraft:oak_slab":5,"minecraft:quartz":2,"minecraft:poisonous_potato":3,"minecraft:dripstone_block":14,"minecraft:spruce_sapling":31,"minecraft:spruce_log":217,"minecraft:shulker_box":1,"minecraft:spider_eye":1,"minecraft:spruce_boat":1,"minecraft:slime_ball":6,"minecraft:stone_axe":3,"minecraft:diamond":3,"minecraft:granite":38,"minecraft:bone_meal":64,"minecraft:emerald":28,"minecraft:oak_sapling":2,"minecraft:baked_potato":70,"minecraft:netherrack":18,"minecraft:coal":6,"minecraft:diamond_pickaxe":1},"minecraft:used":{"minecraft:moss_block":2,"minecraft:torch":3,"minecraft:dirt":7,"minecraft:carrot":6,"minecraft:shulker_box":1,"minecraft:granite":19,"minecraft:jungle_sapling":4,"minecraft:wooden_axe":52,"minecraft:bow":15,"minecraft:potato":2,"minecraft:golden_axe":32,"minecraft:diorite":8,"minecraft:stone_pickaxe":1,"minecraft:baked_potato":17,"minecraft:wooden_pickaxe":32,"minecraft:composter":1,"minecraft:dripstone_block":1,"minecraft:mud":4,"minecraft:iron_pickaxe":365,"minecraft:spruce_sapling":12,"minecraft:stone_axe":207,"minecraft:cobblestone":13,"minecraft:chainmail_boots":1,"minecraft:andesite":9,"minecraft:bone_meal":64},"minecraft:broken":{"minecraft:wooden_pickaxe":1,"minecraft:golden_axe":1,"minecraft:stone_axe":2,"minecraft:iron_pickaxe":1,"minecraft:wooden_axe":1},"minecraft:killed":{"minecraft:skeleton":3,"minecraft:creeper":7,"minecraft:zombie":3},"minecraft:mined":{"minecraft:deepslate_diamond_ore":9,"minecraft:granite":14,"minecraft:grass_block":62,"minecraft:spruce_leaves":37,"minecraft:moss_block":21,"minecraft:redstone_ore":7,"minecraft:glowstone":1,"minecraft:iron_ore":3,"minecraft:andesite":14,"minecraft:deepslate_lapis_ore":5,"minecraft:potatoes":2,"minecraft:deepslate_iron_ore":7,"minecraft:stone":63,"minecraft:deepslate_redstone_ore":9,"minecraft:soul_sand":1,"minecraft:clay":11,"minecraft:torch":4,"minecraft:copper_ore":8,"minecraft:nether_quartz_ore":2,"minecraft:cobblestone":9,"minecraft:deepslate_coal_ore":8,"minecraft:deepslate_gold_ore":13,"minecraft:lapis_ore":9,"minecraft:diorite":17,"minecraft:deepslate_copper_ore":10,"minecraft:mud":27,"minecraft:spruce_log":215,"minecraft:coal_ore":10,"minecraft:oak_log":27,"minecraft:dripstone_block":25,"minecraft:dirt":1,"minecraft:gold_ore":3,"minecraft:deepslate_emerald_ore":7,"minecraft:oak_leaves":13,"minecraft:deepslate":8},"minecraft:custom":{"minecraft:mob_kills":13,"minecraft:interact_with_crafting_table":9,"minecraft:open_shulker_box":2,"minecraft:leave_game":1,"minecraft:time_since_death":58600,"minecraft:climb_one_cm":56,"minecraft:sprint_one_cm":135478,"minecraft:walk_one_cm":269204,"minecraft:drop":187,"minecraft:talked_to_villager":14,"minecraft:play_time":92548,"minecraft:deaths":3,"minecraft:sneak_time":3192,"minecraft:walk_under_water_one_cm":818,"minecraft:jump":838,"minecraft:walk_on_water_one_cm":1378,"minecraft:total_world_time":92548,"minecraft:interact_with_furnace":16,"minecraft:traded_with_villager":4,"minecraft:time_since_rest":58634,"minecraft:damage_taken":1583,"minecraft:damage_dealt":1770,"minecraft:player_kills":1,"minecraft:fly_one_cm":122215,"minecraft:open_chest":65,"minecraft:crouch_one_cm":2241,"minecraft:fall_one_cm":12900}},"DataVersion":3953}