{"stats":{"minecraft:dropped":{"minecraft:iron_ingot":11,"minecraft:moss_block":4,"minecraft:lapis_lazuli":53,"minecraft:oak_log":10,"minecraft:raw_copper":14,"minecraft:diamond":3,"minecraft:poisonous_potato":2,"minecraft:raw_iron":13,"minecraft:cobblestone":35,"minecraft:oak_planks":6,"minecraft:copper_ingot":4,"minecraft:coal":18,"minecraft:emerald":10,"minecraft:dirt":1,"minecraft:turtle_helmet":1,"minecraft:bamboo":1,"minecraft:stone_pickaxe":2,"minecraft:mud":10,"minecraft:iron_pickaxe":2,"minecraft:string":11,"minecraft:spruce_sapling":3},"minecraft:killed_by":{"minecraft:player":5,"minecraft:skeleton":1,"minecraft:creeper":1},"minecraft:crafted":{"minecraft:tuff":9,"minecraft:shulker_shell":2,"minecraft:oak_planks":44,"minecraft:raw_iron":8,"minecraft:wooden_pickaxe":2,"minecraft:baked_potato":9,"minecraft:pufferfish_bucket":1,"minecraft:bone_meal":36,"minecraft:bone":12,"minecraft:stone_axe":1,"minecraft:shulker_box":1,"minecraft:potato":11,"minecraft:air":0,"minecraft:string":11,"minecraft:diamond_pickaxe":1,"minecraft:raw_gold":2,"minecraft:stick":16,"minecraft:iron_ingot":38,"minecraft:iron_pickaxe":5,"minecraft:wooden_axe":1,"minecraft:chest":1},"minecraft:picked_up":{"minecraft:stripped_oak_log":21,"minecraft:mud":181,"minecraft:turtle_helmet":3,"minecraft:clay_ball":324,"minecraft:andesite":88,"minecraft:tuff":36,"minecraft:oak_log":204,"minecraft:ancient_debris":2,"minecraft:string":4,"minecraft:lapis_lazuli":391,"minecraft:dirt":286,"minecraft:raw_copper":214,"minecraft:apple":1,"minecraft:creeper_spawn_egg":1,"minecraft:cobbled_deepslate":78,"minecraft:raw_gold":46,"minecraft:bucket":3,"minecraft:turtle_scute":3,"minecraft:iron_ingot":30,"minecraft:stone_pickaxe":3,"minecraft:iron_pickaxe":6,"minecraft:bamboo":4,"minecraft:moss_block":243,"minecraft:oak_planks":18,"minecraft:acacia_sapling":1,"minecraft:stick":16,"minecraft:raw_iron":128,"minecraft:copper_ingot":4,"minecraft:quartz":6,"minecraft:torch":10,"minecraft:acacia_log":8,"minecraft:poisonous_potato":4,"minecraft:dripstone_block":89,"minecraft:spruce_sapling":12,"minecraft:diorite":65,"minecraft:spruce_log":180,"minecraft:carrot":2,"minecraft:redstone":217,"minecraft:shulker_box":4,"minecraft:arrow":13,"minecraft:diamond":59,"minecraft:stone_axe":6,"minecraft:granite":66,"minecraft:bone_meal":1,"minecraft:emerald":69,"minecraft:gold_ingot":1,"minecraft:baked_potato":4,"minecraft:oak_sapling":19,"minecraft:coal":135,"minecraft:cobblestone":638,"minecraft:diamond_pickaxe":2},"minecraft:used":{"minecraft:water_bucket":1,"minecraft:stone_pickaxe":63,"minecraft:baked_potato":6,"minecraft:wooden_pickaxe":56,"minecraft:dirt":2,"minecraft:shulker_box":3,"minecraft:carrot":2,"minecraft:wooden_axe":57,"minecraft:diamond_pickaxe":13,"minecraft:apple":1,"minecraft:iron_pickaxe":1203,"minecraft:spruce_sapling":1,"minecraft:bamboo":3,"minecraft:stone_axe":141,"minecraft:cobblestone":12,"minecraft:pufferfish_bucket":1,"minecraft:oak_sapling":4,"minecraft:bucket":1,"minecraft:potato":1,"minecraft:bone_meal":37},"minecraft:broken":{"minecraft:stone_pickaxe":1,"minecraft:stone_axe":1,"minecraft:iron_pickaxe":5,"minecraft:wooden_axe":1,"minecraft:wooden_pickaxe":1},"minecraft:custom":{"minecraft:interact_with_furnace":33,"minecraft:traded_with_villager":10,"minecraft:interact_with_crafting_table":18,"minecraft:open_shulker_box":3,"minecraft:leave_game":2,"minecraft:time_since_death":0,"minecraft:climb_one_cm":1739,"minecraft:time_since_rest":420,"minecraft:sprint_one_cm":82082,"minecraft:damage_taken":2481,"minecraft:walk_one_cm":157436,"minecraft:drop":52,"minecraft:damage_dealt":1906,"minecraft:talked_to_villager":44,"minecraft:fly_one_cm":105699,"minecraft:player_kills":3,"minecraft:open_chest":35,"minecraft:crouch_one_cm":1027,"minecraft:play_time":121688,"minecraft:deaths":7,"minecraft:sneak_time":4497,"minecraft:jump":883,"minecraft:walk_on_water_one_cm":869,"minecraft:total_world_time":121688,"minecraft:fall_one_cm":9936},"minecraft:mined":{"minecraft:nether_gold_ore":1,"minecraft:deepslate_redstone_ore":13,"minecraft:acacia_leaves":2,"minecraft:oak_sapling":4,"minecraft:deepslate_diamond_ore":31,"minecraft:shulker_box":3,"minecraft:clay":28,"minecraft:torch":1,"minecraft:granite":39,"minecraft:acacia_log":6,"minecraft:grass_block":244,"minecraft:nether_quartz_ore":2,"minecraft:cobblestone":8,"minecraft:copper_ore":9,"minecraft:deepslate_coal_ore":28,"minecraft:deepslate_gold_ore":22,"minecraft:spruce_leaves":98,"minecraft:lapis_ore":9,"minecraft:moss_block":119,"minecraft:diorite":28,"minecraft:deepslate_copper_ore":21,"minecraft:redstone_ore":9,"minecraft:acacia_sapling":1,"minecraft:glowstone":1,"minecraft:mud":82,"minecraft:iron_ore":39,"minecraft:spruce_log":47,"minecraft:andesite":38,"minecraft:deepslate_lapis_ore":22,"minecraft:oak_log":105,"minecraft:coal_ore":38,"minecraft:deepslate_iron_ore":30,"minecraft:dripstone_block":51,"minecraft:dirt":3,"minecraft:stripped_oak_log":5,"minecraft:bamboo":2,"minecraft:stone":203,"minecraft:ancient_debris":1,"minecraft:gold_ore":6,"minecraft:deepslate":20,"minecraft:deepslate_emerald_ore":21,"minecraft:oak_leaves":83}},"DataVersion":3953}