{"stats":{"minecraft:dropped":{"minecraft:water_bucket":1,"minecraft:stone_hoe":1,"minecraft:iron_ingot":7,"minecraft:iron_sword":1,"minecraft:moss_block":26,"minecraft:lapis_lazuli":215,"minecraft:baked_potato":71,"minecraft:diamond":5,"minecraft:dripstone_block":128,"minecraft:poisonous_potato":7,"minecraft:cobblestone":70,"minecraft:lead":2,"minecraft:apple":1,"minecraft:granite":10,"minecraft:emerald":28,"minecraft:dirt":18,"minecraft:spruce_hanging_sign":1,"minecraft:diorite":1,"minecraft:wooden_axe":1,"minecraft:bone_meal":5,"minecraft:iron_pickaxe":3,"minecraft:string":4,"minecraft:bucket":2,"minecraft:acacia_planks":12,"minecraft:danger_pottery_sherd":1,"minecraft:spruce_sapling":2,"minecraft:gold_ingot":1,"minecraft:bone":24,"minecraft:redstone":27,"minecraft:ancient_debris":1,"minecraft:nether_wart":5,"minecraft:stone_sword":1,"minecraft:raw_copper":32,"minecraft:raw_iron":20,"minecraft:clay_ball":124,"minecraft:oak_planks":35,"minecraft:spruce_planks":144,"minecraft:diamond_pickaxe":2,"minecraft:andesite":2,"minecraft:acacia_sapling":1,"minecraft:brown_candle":1,"minecraft:bamboo":1,"minecraft:spruce_log":104,"minecraft:slime_ball":5,"minecraft:arrow":32,"minecraft:bow":3,"minecraft:wooden_pickaxe":2,"minecraft:netherrack":23},"minecraft:used":{"minecraft:moss_block":339,"minecraft:moss_carpet":9,"minecraft:spruce_slab":1445,"minecraft:redstone":1,"minecraft:ladder":37,"minecraft:chest":1,"minecraft:spruce_planks":1,"minecraft:rotten_flesh":29,"minecraft:torch":19,"minecraft:dirt":117,"minecraft:carrot":3,"minecraft:acacia_sapling":3,"minecraft:flowering_azalea":4,"minecraft:bow":19,"minecraft:oak_sapling":2,"minecraft:cooked_cod":1,"minecraft:wheat_seeds":10,"minecraft:stone_pickaxe":104,"minecraft:baked_potato":15,"minecraft:oak_planks":7,"minecraft:oak_slab":691,"minecraft:crafting_table":1,"minecraft:dripstone_block":58,"minecraft:mud":52,"minecraft:iron_pickaxe":28,"minecraft:spruce_sapling":35,"minecraft:stone_axe":672,"minecraft:cobblestone":8,"minecraft:bone_meal":11,"minecraft:azalea":8},"minecraft:killed_by":{"minecraft:player":4,"minecraft:skeleton":1},"minecraft:broken":{"minecraft:golden_leggings":1,"minecraft:stone_pickaxe":1,"minecraft:stone_axe":8},"minecraft:picked_up":{"minecraft:wooden_axe":1,"minecraft:mud":153,"minecraft:crafting_table":1,"minecraft:ladder":25,"minecraft:nether_wart":5,"minecraft:clay_ball":248,"minecraft:lead":4,"minecraft:wooden_pickaxe":1,"minecraft:brick":1,"minecraft:amethyst_block":2,"minecraft:string":9,"minecraft:raw_copper":96,"minecraft:moss_carpet":9,"minecraft:blackstone":1,"minecraft:gold_nugget":17,"minecraft:cobbled_deepslate":13,"minecraft:bucket":4,"minecraft:spruce_planks":522,"minecraft:azalea":8,"minecraft:spruce_slab":262,"minecraft:iron_pickaxe":4,"minecraft:stick":42,"minecraft:raw_iron":26,"minecraft:torch":29,"minecraft:diorite":1,"minecraft:carrot":3,"minecraft:redstone":114,"minecraft:stone_sword":1,"minecraft:arrow":105,"minecraft:rotten_flesh":196,"minecraft:gold_ingot":1,"minecraft:spruce_hanging_sign":1,"minecraft:cod":1,"minecraft:cobblestone":646,"minecraft:stripped_oak_log":1,"minecraft:water_bucket":1,"minecraft:andesite":2,"minecraft:leather":2,"minecraft:potato":5,"minecraft:oak_log":188,"minecraft:ancient_debris":1,"minecraft:danger_pottery_sherd":1,"minecraft:gunpowder":252,"minecraft:lapis_lazuli":337,"minecraft:dirt":239,"minecraft:brown_candle":1,"minecraft:bone":48,"minecraft:acacia_planks":12,"minecraft:apple":1,"minecraft:bow":9,"minecraft:wheat_seeds":10,"minecraft:raw_gold":16,"minecraft:stone_pickaxe":1,"minecraft:iron_ingot":11,"minecraft:soul_sand":1,"minecraft:glowstone_dust":16,"minecraft:bamboo":1,"minecraft:acacia_sapling":5,"minecraft:moss_block":318,"minecraft:stone_hoe":1,"minecraft:iron_sword":1,"minecraft:oak_planks":40,"minecraft:flowering_azalea":4,"minecraft:oak_slab":17,"minecraft:poisonous_potato":7,"minecraft:dripstone_block":111,"minecraft:spruce_sapling":201,"minecraft:spruce_log":363,"minecraft:shulker_box":1,"minecraft:slime_ball":6,"minecraft:diamond":10,"minecraft:stone_axe":21,"minecraft:granite":22,"minecraft:bone_meal":193,"minecraft:cherry_sapling":10,"minecraft:emerald":70,"minecraft:baked_potato":146,"minecraft:oak_sapling":9,"minecraft:netherrack":24,"minecraft:coal":23,"minecraft:diamond_pickaxe":2},"minecraft:mined":{"minecraft:spruce_planks":2,"minecraft:ladder":21,"minecraft:granite":2,"minecraft:acacia_log":2,"minecraft:grass_block":46,"minecraft:redstone_wire":1,"minecraft:spruce_leaves":7,"minecraft:moss_block":84,"minecraft:spruce_sapling":6,"minecraft:andesite":4,"minecraft:moss_carpet":1,"minecraft:deepslate_lapis_ore":1,"minecraft:deepslate_iron_ore":1,"minecraft:potatoes":1,"minecraft:dirt_path":1,"minecraft:azalea":3,"minecraft:stone":5,"minecraft:spruce_slab":33,"minecraft:podzol":2,"minecraft:oak_slab":5,"minecraft:soul_sand":1,"minecraft:blackstone":1,"minecraft:clay":1,"minecraft:torch":3,"minecraft:short_grass":4,"minecraft:tall_grass":2,"minecraft:cobblestone":22,"minecraft:deepslate_coal_ore":1,"minecraft:sculk":2,"minecraft:oak_planks":1,"minecraft:diorite":1,"minecraft:amethyst_block":2,"minecraft:acacia_sapling":1,"minecraft:mud":6,"minecraft:spruce_log":359,"minecraft:oak_log":28,"minecraft:dripstone_block":49,"minecraft:dirt":66,"minecraft:netherrack":1,"minecraft:oak_leaves":6,"minecraft:deepslate":2,"minecraft:nether_gold_ore":4},"minecraft:killed":{"minecraft:skeleton":42,"minecraft:bat":1,"minecraft:creeper":39,"minecraft:trader_llama":1,"minecraft:zombie":39},"minecraft:crafted":{"minecraft:oak_planks":388,"minecraft:cherry_sapling":2,"minecraft:bone_meal":39,"minecraft:ladder":21,"minecraft:spruce_slab":1532,"minecraft:stone_pickaxe":1,"minecraft:chest":1,"minecraft:spruce_sapling":3,"minecraft:cooked_cod":1,"minecraft:oak_slab":684,"minecraft:spruce_planks":1048,"minecraft:baked_potato":28,"minecraft:stone_axe":6,"minecraft:air":0,"minecraft:birch_sapling":4,"minecraft:charcoal":18,"minecraft:stick":52,"minecraft:iron_ingot":4,"minecraft:torch":16},"minecraft:custom":{"minecraft:mob_kills":122,"minecraft:interact_with_crafting_table":41,"minecraft:leave_game":3,"minecraft:time_since_death":11443,"minecraft:climb_one_cm":11247,"minecraft:sprint_one_cm":338688,"minecraft:walk_one_cm":634935,"minecraft:drop":110,"minecraft:talked_to_villager":8,"minecraft:play_time":169876,"minecraft:deaths":8,"minecraft:sneak_time":24056,"minecraft:walk_under_water_one_cm":2801,"minecraft:jump":1781,"minecraft:walk_on_water_one_cm":1041,"minecraft:total_world_time":169876,"minecraft:interact_with_furnace":19,"minecraft:traded_with_villager":5,"minecraft:time_since_rest":11469,"minecraft:damage_taken":3433,"minecraft:damage_dealt":7980,"minecraft:player_kills":8,"minecraft:fly_one_cm":320796,"minecraft:open_chest":34,"minecraft:crouch_one_cm":72394,"minecraft:interact_with_smoker":2,"minecraft:fall_one_cm":27029}},"DataVersion":3953}