{"stats":{"minecraft:dropped":{"minecraft:water_bucket":1,"minecraft:stone_hoe":1,"minecraft:iron_ingot":7,"minecraft:iron_sword":1,"minecraft:soul_sand":3,"minecraft:moss_block":29,"minecraft:lapis_lazuli":215,"minecraft:baked_potato":71,"minecraft:diamond":5,"minecraft:dripstone_block":138,"minecraft:poisonous_potato":7,"minecraft:cobblestone":70,"minecraft:lead":2,"minecraft:amethyst_block":4,"minecraft:apple":1,"minecraft:granite":24,"minecraft:stick":12,"minecraft:emerald":28,"minecraft:dirt":18,"minecraft:spruce_hanging_sign":1,"minecraft:diorite":4,"minecraft:wooden_axe":1,"minecraft:bone_meal":5,"minecraft:mud":14,"minecraft:iron_pickaxe":3,"minecraft:string":4,"minecraft:bucket":2,"minecraft:acacia_planks":12,"minecraft:danger_pottery_sherd":1,"minecraft:spruce_sapling":2,"minecraft:gold_ingot":1,"minecraft:bone":24,"minecraft:redstone":27,"minecraft:gravel":2,"minecraft:stone_axe":1,"minecraft:blackstone":6,"minecraft:ancient_debris":1,"minecraft:cobbled_deepslate":9,"minecraft:nether_wart":5,"minecraft:stone_sword":1,"minecraft:raw_copper":42,"minecraft:raw_iron":20,"minecraft:rotten_flesh":64,"minecraft:clay_ball":124,"minecraft:oak_planks":35,"minecraft:spruce_planks":144,"minecraft:diamond_pickaxe":2,"minecraft:andesite":6,"minecraft:acacia_sapling":1,"minecraft:brown_candle":1,"minecraft:bamboo":1,"minecraft:spruce_log":104,"minecraft:slime_ball":5,"minecraft:arrow":32,"minecraft:bow":5,"minecraft:wooden_pickaxe":2,"minecraft:netherrack":40},"minecraft:used":{"minecraft:moss_block":351,"minecraft:moss_carpet":9,"minecraft:spruce_slab":1448,"minecraft:redstone":1,"minecraft:ladder":37,"minecraft:chest":1,"minecraft:spruce_planks":1,"minecraft:rotten_flesh":29,"minecraft:torch":19,"minecraft:dirt":117,"minecraft:carrot":3,"minecraft:acacia_sapling":3,"minecraft:flowering_azalea":4,"minecraft:iron_axe":182,"minecraft:birch_sapling":2,"minecraft:bow":19,"minecraft:oak_sapling":3,"minecraft:cooked_cod":1,"minecraft:wheat_seeds":10,"minecraft:stone_pickaxe":104,"minecraft:baked_potato":17,"minecraft:oak_planks":7,"minecraft:oak_slab":691,"minecraft:crafting_table":1,"minecraft:dripstone_block":58,"minecraft:mud":52,"minecraft:diamond_pickaxe":141,"minecraft:iron_pickaxe":31,"minecraft:spruce_sapling":73,"minecraft:stone_axe":680,"minecraft:cobblestone":8,"minecraft:bone_meal":11,"minecraft:azalea":8},"minecraft:killed_by":{"minecraft:player":4,"minecraft:piglin":1,"minecraft:skeleton":1},"minecraft:broken":{"minecraft:golden_leggings":1,"minecraft:stone_pickaxe":1,"minecraft:stone_axe":8},"minecraft:picked_up":{"minecraft:wooden_axe":1,"minecraft:mud":169,"minecraft:crafting_table":1,"minecraft:ladder":25,"minecraft:nether_wart":5,"minecraft:clay_ball":248,"minecraft:lead":6,"minecraft:wooden_pickaxe":1,"minecraft:brick":1,"minecraft:amethyst_block":4,"minecraft:string":9,"minecraft:raw_copper":114,"minecraft:moss_carpet":9,"minecraft:blackstone":6,"minecraft:gold_nugget":25,"minecraft:cobbled_deepslate":22,"minecraft:bucket":4,"minecraft:spruce_planks":586,"minecraft:azalea":8,"minecraft:spruce_slab":287,"minecraft:iron_pickaxe":5,"minecraft:stick":72,"minecraft:raw_iron":37,"minecraft:torch":42,"minecraft:diorite":4,"minecraft:carrot":3,"minecraft:redstone":114,"minecraft:stone_sword":1,"minecraft:arrow":113,"minecraft:rotten_flesh":260,"minecraft:gold_ingot":1,"minecraft:spruce_hanging_sign":1,"minecraft:obsidian":6,"minecraft:cod":1,"minecraft:cobblestone":676,"minecraft:stripped_oak_log":1,"minecraft:water_bucket":1,"minecraft:andesite":6,"minecraft:leather":4,"minecraft:potato":5,"minecraft:oak_log":204,"minecraft:ancient_debris":6,"minecraft:danger_pottery_sherd":1,"minecraft:gunpowder":302,"minecraft:lapis_lazuli":402,"minecraft:dirt":275,"minecraft:brown_candle":1,"minecraft:bone":89,"minecraft:acacia_planks":12,"minecraft:apple":1,"minecraft:bow":11,"minecraft:wheat_seeds":10,"minecraft:raw_gold":18,"minecraft:stone_pickaxe":1,"minecraft:iron_ingot":36,"minecraft:soul_sand":3,"minecraft:glowstone_dust":41,"minecraft:bamboo":1,"minecraft:acacia_sapling":5,"minecraft:moss_block":335,"minecraft:stone_hoe":1,"minecraft:iron_sword":1,"minecraft:oak_planks":48,"minecraft:flowering_azalea":4,"minecraft:oak_slab":17,"minecraft:poisonous_potato":7,"minecraft:dripstone_block":117,"minecraft:gravel":2,"minecraft:spruce_sapling":245,"minecraft:spruce_log":545,"minecraft:shulker_box":1,"minecraft:slime_ball":6,"minecraft:diamond":14,"minecraft:stone_axe":22,"minecraft:granite":33,"minecraft:bone_meal":196,"minecraft:cherry_sapling":12,"minecraft:emerald":70,"minecraft:baked_potato":192,"minecraft:oak_sapling":11,"minecraft:netherrack":40,"minecraft:coal":26,"minecraft:diamond_pickaxe":3},"minecraft:mined":{"minecraft:spruce_planks":2,"minecraft:deepslate_diamond_ore":3,"minecraft:obsidian":5,"minecraft:ladder":21,"minecraft:granite":8,"minecraft:acacia_log":2,"minecraft:grass_block":60,"minecraft:redstone_wire":1,"minecraft:spruce_leaves":16,"minecraft:moss_block":95,"minecraft:glowstone":6,"minecraft:spruce_sapling":6,"minecraft:andesite":8,"minecraft:moss_carpet":1,"minecraft:deepslate_lapis_ore":7,"minecraft:deepslate_iron_ore":7,"minecraft:potatoes":1,"minecraft:dirt_path":1,"minecraft:azalea":3,"minecraft:stone":18,"minecraft:spruce_slab":33,"minecraft:podzol":2,"minecraft:deepslate_redstone_ore":1,"minecraft:oak_slab":5,"minecraft:soul_sand":3,"minecraft:blackstone":6,"minecraft:clay":2,"minecraft:torch":3,"minecraft:short_grass":4,"minecraft:tall_grass":2,"minecraft:cobblestone":22,"minecraft:deepslate_coal_ore":3,"minecraft:deepslate_gold_ore":2,"minecraft:sculk":4,"minecraft:oak_planks":1,"minecraft:diorite":4,"minecraft:amethyst_block":4,"minecraft:deepslate_copper_ore":4,"minecraft:acacia_sapling":1,"minecraft:mud":17,"minecraft:spruce_log":541,"minecraft:oak_log":37,"minecraft:dripstone_block":55,"minecraft:dirt":66,"minecraft:ancient_debris":4,"minecraft:netherrack":6,"minecraft:oak_leaves":10,"minecraft:deepslate":9,"minecraft:nether_gold_ore":6},"minecraft:killed":{"minecraft:skeleton":42,"minecraft:bat":1,"minecraft:creeper":39,"minecraft:trader_llama":1,"minecraft:zombie":39},"minecraft:crafted":{"minecraft:oak_planks":428,"minecraft:cherry_sapling":2,"minecraft:bone_meal":39,"minecraft:iron_axe":1,"minecraft:ladder":21,"minecraft:spruce_slab":1532,"minecraft:stone_pickaxe":1,"minecraft:chest":1,"minecraft:spruce_sapling":3,"minecraft:cooked_cod":1,"minecraft:oak_slab":684,"minecraft:emerald":16,"minecraft:spruce_planks":1264,"minecraft:baked_potato":28,"minecraft:stone_axe":6,"minecraft:air":0,"minecraft:birch_sapling":6,"minecraft:diamond_pickaxe":1,"minecraft:charcoal":18,"minecraft:stick":706,"minecraft:iron_ingot":6,"minecraft:torch":16},"minecraft:custom":{"minecraft:mob_kills":122,"minecraft:interact_with_crafting_table":43,"minecraft:leave_game":3,"minecraft:time_since_death":19279,"minecraft:climb_one_cm":12107,"minecraft:sprint_one_cm":354176,"minecraft:walk_one_cm":665311,"minecraft:drop":160,"minecraft:talked_to_villager":13,"minecraft:play_time":193876,"minecraft:deaths":9,"minecraft:sneak_time":24090,"minecraft:walk_under_water_one_cm":2801,"minecraft:jump":1890,"minecraft:walk_on_water_one_cm":1041,"minecraft:total_world_time":193876,"minecraft:interact_with_furnace":21,"minecraft:traded_with_villager":22,"minecraft:time_since_rest":19312,"minecraft:damage_taken":3703,"minecraft:damage_dealt":7980,"minecraft:player_kills":8,"minecraft:fly_one_cm":328857,"minecraft:open_chest":38,"minecraft:crouch_one_cm":72435,"minecraft:interact_with_smoker":2,"minecraft:fall_one_cm":30332}},"DataVersion":3953}