{"stats":{"minecraft:dropped":{"minecraft:moss_block":78,"minecraft:diamond_axe":2,"minecraft:lapis_lazuli":197,"minecraft:oak_log":39,"minecraft:baked_potato":267,"minecraft:diamond":6,"minecraft:shaper_armor_trim_smithing_template":1,"minecraft:cod":1,"minecraft:emerald":28,"minecraft:dirt":106,"minecraft:gold_nugget":75,"minecraft:bone_meal":82,"minecraft:iron_pickaxe":2,"minecraft:fishing_rod":2,"minecraft:white_wool":22,"minecraft:gold_ingot":1,"minecraft:bone":38,"minecraft:gravel":2,"minecraft:stone_axe":3,"minecraft:blackstone":2,"minecraft:ancient_debris":5,"minecraft:cobbled_deepslate":20,"minecraft:birch_sapling":1,"minecraft:wheat":2,"minecraft:obsidian":4,"minecraft:cherry_sapling":2,"minecraft:rotten_flesh":41,"minecraft:oak_planks":67,"minecraft:glowstone_dust":16,"minecraft:carrot":3,"minecraft:gunpowder":61,"minecraft:acacia_slab":5,"minecraft:azalea":9,"minecraft:acacia_sapling":5,"minecraft:ladder":12,"minecraft:spruce_slab":94,"minecraft:arrow":78,"minecraft:quartz":6,"minecraft:netherrack":45,"minecraft:stone_hoe":1,"minecraft:water_bucket":1,"minecraft:iron_ingot":31,"minecraft:oak_slab":13,"minecraft:wheat_seeds":2,"minecraft:dripstone_block":21,"minecraft:diamond_leggings":1,"minecraft:poisonous_potato":14,"minecraft:cobblestone":146,"minecraft:amethyst_block":6,"minecraft:granite":8,"minecraft:coal":2,"minecraft:stick":9,"minecraft:diorite":8,"minecraft:torch":15,"minecraft:wooden_axe":3,"minecraft:diamond_helmet":2,"minecraft:flowering_azalea":1,"minecraft:iron_axe":2,"minecraft:mud":48,"minecraft:string":12,"minecraft:bucket":1,"minecraft:acacia_planks":12,"minecraft:spruce_sapling":20,"minecraft:redstone":100,"minecraft:moss_carpet":23,"minecraft:oak_trapdoor":1,"minecraft:soul_torch":4,"minecraft:stone_sword":2,"minecraft:raw_copper":68,"minecraft:diamond_hoe":1,"minecraft:raw_iron":21,"minecraft:clay_ball":160,"minecraft:stripped_oak_log":1,"minecraft:diamond_sword":3,"minecraft:potato":247,"minecraft:spruce_boat":2,"minecraft:spruce_planks":64,"minecraft:diamond_pickaxe":6,"minecraft:andesite":6,"minecraft:oak_sapling":15,"minecraft:spruce_log":192,"minecraft:slime_ball":2,"minecraft:bow":8,"minecraft:stone_pickaxe":3,"minecraft:wooden_pickaxe":2,"minecraft:raw_gold":9,"minecraft:brick":1},"minecraft:used":{"minecraft:moss_block":137,"minecraft:moss_carpet":24,"minecraft:spruce_slab":2,"minecraft:ladder":5,"minecraft:chest":9,"minecraft:stone":23,"minecraft:iron_sword":208,"minecraft:carrot":1,"minecraft:acacia_sapling":5,"minecraft:obsidian":1,"minecraft:spruce_boat":2,"minecraft:birch_sapling":4,"minecraft:bow":19,"minecraft:furnace":1,"minecraft:oak_sapling":8,"minecraft:potato":348,"minecraft:diamond_boots":1,"minecraft:powered_rail":2,"minecraft:stone_pickaxe":251,"minecraft:oak_planks":54,"minecraft:wooden_pickaxe":7,"minecraft:composter":10,"minecraft:diamond_axe":426,"minecraft:dripstone_block":7,"minecraft:lightning_rod":1,"minecraft:redstone_torch":2,"minecraft:string":1,"minecraft:gravel":41,"minecraft:diamond_sword":104,"minecraft:oak_boat":1,"minecraft:bone_meal":337,"minecraft:oak_trapdoor":2,"minecraft:oak_fence":2,"minecraft:azalea":13,"minecraft:spruce_planks":26,"minecraft:stone_hoe":358,"minecraft:netherrack":1,"minecraft:torch":14,"minecraft:dirt":310,"minecraft:twisting_vines":1,"minecraft:diamond_helmet":1,"minecraft:shulker_box":1,"minecraft:granite":5,"minecraft:iron_hoe":1,"minecraft:flowering_azalea":3,"minecraft:iron_axe":59,"minecraft:bamboo":3,"minecraft:diamond_chestplate":1,"minecraft:minecart":1,"minecraft:acacia_planks":48,"minecraft:cobbled_deepslate":2,"minecraft:wheat_seeds":5,"minecraft:water_bucket":8,"minecraft:amethyst_block":5,"minecraft:baked_potato":98,"minecraft:cauldron":1,"minecraft:fletching_table":2,"minecraft:cobblestone_slab":217,"minecraft:rail":28,"minecraft:oak_slab":68,"minecraft:crafting_table":3,"minecraft:white_bed":3,"minecraft:smoker":3,"minecraft:mud":87,"minecraft:diamond_pickaxe":723,"minecraft:apple":1,"minecraft:iron_pickaxe":23,"minecraft:spruce_sapling":8,"minecraft:stone_axe":172,"minecraft:fishing_rod":11,"minecraft:cobblestone":83,"minecraft:bucket":9,"minecraft:diamond_leggings":2,"minecraft:soul_torch":1},"minecraft:killed_by":{"minecraft:zombie_villager":3,"minecraft:pufferfish":1,"minecraft:witch":16,"minecraft:player":3,"minecraft:skeleton":1},"minecraft:broken":{"minecraft:stone_pickaxe":1,"minecraft:leather_helmet":1,"minecraft:stone_hoe":2},"minecraft:picked_up":{"minecraft:wooden_axe":3,"minecraft:wheat":3,"minecraft:flower_pot":2,"minecraft:diamond_sword":8,"minecraft:amethyst_block":15,"minecraft:string":136,"minecraft:raw_copper":285,"minecraft:diamond_leggings":8,"minecraft:gold_nugget":349,"minecraft:cobbled_deepslate":60,"minecraft:bucket":5,"minecraft:spruce_planks":341,"minecraft:cobblestone_slab":64,"minecraft:azalea":22,"minecraft:iron_pickaxe":7,"minecraft:melon_slice":7,"minecraft:furnace":2,"minecraft:golden_helmet":1,"minecraft:stick":433,"minecraft:composter":10,"minecraft:oak_fence":2,"minecraft:torch":53,"minecraft:acacia_log":16,"minecraft:diorite":41,"minecraft:stone_sword":2,"minecraft:rotten_flesh":131,"minecraft:obsidian":73,"minecraft:cod":1,"minecraft:cobblestone":544,"minecraft:water_bucket":10,"minecraft:andesite":70,"minecraft:smoker":1,"minecraft:potato":1348,"minecraft:flint":3,"minecraft:lapis_lazuli":421,"minecraft:dirt":497,"minecraft:twisting_vines":1,"minecraft:bone":306,"minecraft:acacia_planks":96,"minecraft:bow":18,"minecraft:wheat_seeds":15,"minecraft:raw_gold":56,"minecraft:fletching_table":1,"minecraft:glowstone_dust":122,"minecraft:diamond_helmet":8,"minecraft:bamboo":13,"minecraft:moss_block":332,"minecraft:stone_hoe":4,"minecraft:oak_planks":222,"minecraft:poisonous_potato":19,"minecraft:granite_slab":1,"minecraft:shulker_box":1,"minecraft:diamond":74,"minecraft:spruce_boat":4,"minecraft:granite":46,"minecraft:bone_meal":182,"minecraft:golden_apple":14,"minecraft:emerald":104,"minecraft:oak_sapling":39,"minecraft:netherrack":61,"minecraft:diamond_pickaxe":14,"minecraft:fishing_rod":2,"minecraft:mud":210,"minecraft:crafting_table":8,"minecraft:ladder":17,"minecraft:clay_ball":404,"minecraft:brown_mushroom":2,"minecraft:wooden_pickaxe":2,"minecraft:brick":2,"minecraft:cornflower":1,"minecraft:oak_trapdoor":9,"minecraft:moss_carpet":47,"minecraft:iron_axe":1,"minecraft:flint_and_steel":1,"minecraft:blackstone":6,"minecraft:oak_boat":1,"minecraft:spruce_slab":124,"minecraft:chest":2,"minecraft:birch_sapling":1,"minecraft:diamond_hoe":1,"minecraft:raw_iron":106,"minecraft:stone":2,"minecraft:copper_ingot":3,"minecraft:carrot":15,"minecraft:redstone":312,"minecraft:arrow":218,"minecraft:diamond_chestplate":6,"minecraft:diamond_boots":5,"minecraft:gold_ingot":6,"minecraft:rail":1,"minecraft:stripped_oak_log":1,"minecraft:yellow_dye":1,"minecraft:leather":1,"minecraft:oak_log":257,"minecraft:ancient_debris":37,"minecraft:gunpowder":170,"minecraft:apple":2,"minecraft:iron_ingot":23,"minecraft:stone_pickaxe":4,"minecraft:soul_sand":81,"minecraft:acacia_sapling":9,"minecraft:iron_sword":7,"minecraft:flowering_azalea":4,"minecraft:oak_slab":233,"minecraft:quartz":23,"minecraft:dripstone_block":95,"minecraft:gravel":37,"minecraft:soul_torch":413,"minecraft:spruce_sapling":97,"minecraft:white_bed":3,"minecraft:spruce_log":436,"minecraft:spider_eye":77,"minecraft:leather_helmet":2,"minecraft:slime_ball":28,"minecraft:stone_axe":6,"minecraft:diamond_axe":7,"minecraft:cherry_sapling":4,"minecraft:warped_roots":1,"minecraft:baked_potato":1156,"minecraft:acacia_slab":5,"minecraft:melon_seeds":1,"minecraft:coal":150},"minecraft:mined":{"minecraft:white_bed":3,"minecraft:spruce_planks":16,"minecraft:oak_sapling":3,"minecraft:farmland":19,"minecraft:obsidian":19,"minecraft:granite":29,"minecraft:acacia_log":8,"minecraft:grass_block":151,"minecraft:composter":10,"minecraft:glowstone":18,"minecraft:iron_ore":12,"minecraft:cobbled_deepslate":2,"minecraft:moss_carpet":6,"minecraft:fletching_table":1,"minecraft:granite_slab":1,"minecraft:deepslate_lapis_ore":18,"minecraft:twisting_vines":1,"minecraft:azalea":2,"minecraft:spruce_slab":19,"minecraft:deepslate_redstone_ore":14,"minecraft:blackstone":3,"minecraft:melon_stem":1,"minecraft:smoker":1,"minecraft:clay":27,"minecraft:torch":11,"minecraft:melon":1,"minecraft:chest":2,"minecraft:nether_quartz_ore":13,"minecraft:cobblestone":47,"minecraft:oak_planks":40,"minecraft:wall_torch":1,"minecraft:amethyst_block":8,"minecraft:sniffer_egg":1,"minecraft:cauldron":1,"minecraft:deepslate_copper_ore":21,"minecraft:acacia_sapling":2,"minecraft:mud":78,"minecraft:oak_log":123,"minecraft:dirt":56,"minecraft:netherrack":13,"minecraft:ancient_debris":11,"minecraft:oak_leaves":50,"minecraft:deepslate":28,"minecraft:nether_gold_ore":20,"minecraft:deepslate_diamond_ore":22,"minecraft:shulker_box":1,"minecraft:redstone_wire":8,"minecraft:spruce_leaves":52,"minecraft:moss_block":318,"minecraft:oak_trapdoor":3,"minecraft:spruce_sapling":8,"minecraft:furnace":1,"minecraft:carrots":3,"minecraft:andesite":28,"minecraft:potatoes":344,"minecraft:rail":1,"minecraft:cobblestone_slab":10,"minecraft:deepslate_iron_ore":29,"minecraft:stripped_oak_log":2,"minecraft:bamboo_sapling":4,"minecraft:bamboo":3,"minecraft:stone":142,"minecraft:podzol":8,"minecraft:oak_slab":43,"minecraft:soul_sand":16,"minecraft:soul_torch":1,"minecraft:oak_fence":2,"minecraft:crafting_table":3,"minecraft:short_grass":9,"minecraft:tall_grass":2,"minecraft:deepslate_coal_ore":21,"minecraft:deepslate_gold_ore":13,"minecraft:sculk":4,"minecraft:diorite":30,"minecraft:spruce_log":90,"minecraft:coal_ore":8,"minecraft:gravel":40,"minecraft:dripstone_block":52,"minecraft:acacia_planks":31,"minecraft:deepslate_emerald_ore":19},"minecraft:killed":{"minecraft:zombified_piglin":3,"minecraft:witch":4,"minecraft:spider":52,"minecraft:pufferfish":1,"minecraft:skeleton":152,"minecraft:chicken":1,"minecraft:creeper":138,"minecraft:trader_llama":1,"minecraft:zombie":154,"minecraft:bat":1,"minecraft:wandering_trader":1,"minecraft:hoglin":1},"minecraft:crafted":{"minecraft:oak_planks":336,"minecraft:cobblestone_slab":216,"minecraft:lightning_rod":1,"minecraft:stone":23,"minecraft:glass":6,"minecraft:diamond_helmet":1,"minecraft:diamond_leggings":1,"minecraft:bow":3,"minecraft:chest":7,"minecraft:rail":32,"minecraft:stone_hoe":2,"minecraft:smoker":2,"minecraft:oak_slab":96,"minecraft:cauldron":1,"minecraft:diamond_axe":1,"minecraft:spruce_planks":264,"minecraft:acacia_slab":12,"minecraft:gravel":30,"minecraft:baked_potato":297,"minecraft:copper_ingot":3,"minecraft:fletching_table":1,"minecraft:bamboo":1,"minecraft:charcoal":38,"minecraft:diamond_pickaxe":1,"minecraft:stick":256,"minecraft:iron_ingot":70,"minecraft:gold_ingot":3,"minecraft:redstone_torch":2,"minecraft:composter":1,"minecraft:mangrove_propagule":4,"minecraft:fishing_rod":1,"minecraft:soul_torch":68,"minecraft:furnace":2,"minecraft:bone_meal":342,"minecraft:iron_axe":1,"minecraft:ladder":6,"minecraft:iron_hoe":1,"minecraft:stone_pickaxe":3,"minecraft:diamond_boots":1,"minecraft:spruce_boat":2,"minecraft:netherite_scrap":1,"minecraft:minecart":1,"minecraft:diamond_sword":1,"minecraft:powered_rail":6,"minecraft:iron_sword":1,"minecraft:bucket":2,"minecraft:stone_axe":2,"minecraft:air":0,"minecraft:white_wool":13,"minecraft:golden_apple":1,"minecraft:acacia_planks":64,"minecraft:torch":16,"minecraft:diamond_chestplate":1},"minecraft:custom":{"minecraft:interact_with_crafting_table":59,"minecraft:open_shulker_box":5,"minecraft:leave_game":4,"minecraft:time_since_death":28715,"minecraft:sprint_one_cm":622893,"minecraft:drop":781,"minecraft:talked_to_villager":60,"minecraft:play_time":337789,"minecraft:deaths":25,"minecraft:jump":3738,"minecraft:walk_on_water_one_cm":10904,"minecraft:interact_with_furnace":77,"minecraft:traded_with_villager":4,"minecraft:damage_dealt":21624,"minecraft:player_kills":6,"minecraft:crouch_one_cm":61128,"minecraft:interact_with_smoker":51,"minecraft:mob_kills":509,"minecraft:inspect_hopper":1,"minecraft:climb_one_cm":16418,"minecraft:walk_one_cm":997387,"minecraft:sneak_time":24219,"minecraft:walk_under_water_one_cm":215,"minecraft:boat_one_cm":21804,"minecraft:total_world_time":337789,"minecraft:time_since_rest":28750,"minecraft:damage_taken":11314,"minecraft:minecart_one_cm":210,"minecraft:fly_one_cm":709207,"minecraft:open_chest":255,"minecraft:fish_caught":1,"minecraft:fall_one_cm":98913}},"DataVersion":3953}