{"stats":{"minecraft:dropped":{"minecraft:moss_block":78,"minecraft:diamond_axe":1,"minecraft:lapis_lazuli":197,"minecraft:oak_log":39,"minecraft:baked_potato":267,"minecraft:diamond":6,"minecraft:shaper_armor_trim_smithing_template":1,"minecraft:cod":1,"minecraft:emerald":28,"minecraft:dirt":39,"minecraft:gold_nugget":75,"minecraft:bone_meal":82,"minecraft:iron_pickaxe":2,"minecraft:fishing_rod":2,"minecraft:white_wool":13,"minecraft:gold_ingot":1,"minecraft:bone":38,"minecraft:gravel":2,"minecraft:stone_axe":3,"minecraft:blackstone":2,"minecraft:ancient_debris":5,"minecraft:cobbled_deepslate":20,"minecraft:birch_sapling":1,"minecraft:wheat":2,"minecraft:obsidian":4,"minecraft:cherry_sapling":2,"minecraft:rotten_flesh":41,"minecraft:oak_planks":67,"minecraft:glowstone_dust":16,"minecraft:carrot":3,"minecraft:gunpowder":61,"minecraft:acacia_slab":5,"minecraft:azalea":9,"minecraft:acacia_sapling":5,"minecraft:ladder":12,"minecraft:spruce_slab":94,"minecraft:arrow":78,"minecraft:quartz":6,"minecraft:netherrack":45,"minecraft:stone_hoe":1,"minecraft:water_bucket":1,"minecraft:iron_ingot":31,"minecraft:oak_slab":13,"minecraft:wheat_seeds":2,"minecraft:dripstone_block":21,"minecraft:diamond_leggings":1,"minecraft:poisonous_potato":14,"minecraft:cobblestone":146,"minecraft:amethyst_block":6,"minecraft:granite":8,"minecraft:coal":2,"minecraft:stick":9,"minecraft:diorite":8,"minecraft:torch":15,"minecraft:wooden_axe":3,"minecraft:diamond_helmet":2,"minecraft:flowering_azalea":1,"minecraft:iron_axe":2,"minecraft:mud":48,"minecraft:string":12,"minecraft:bucket":1,"minecraft:acacia_planks":12,"minecraft:spruce_sapling":20,"minecraft:redstone":100,"minecraft:moss_carpet":23,"minecraft:oak_trapdoor":1,"minecraft:soul_torch":4,"minecraft:stone_sword":2,"minecraft:raw_copper":68,"minecraft:diamond_hoe":1,"minecraft:raw_iron":21,"minecraft:clay_ball":160,"minecraft:stripped_oak_log":1,"minecraft:diamond_sword":2,"minecraft:potato":247,"minecraft:spruce_boat":2,"minecraft:spruce_planks":64,"minecraft:diamond_pickaxe":4,"minecraft:andesite":6,"minecraft:oak_sapling":15,"minecraft:spruce_log":192,"minecraft:slime_ball":2,"minecraft:bow":8,"minecraft:stone_pickaxe":3,"minecraft:wooden_pickaxe":2,"minecraft:raw_gold":9,"minecraft:brick":1},"minecraft:used":{"minecraft:moss_block":137,"minecraft:moss_carpet":24,"minecraft:spruce_slab":2,"minecraft:ladder":5,"minecraft:chest":9,"minecraft:stone":23,"minecraft:iron_sword":208,"minecraft:carrot":1,"minecraft:acacia_sapling":5,"minecraft:spruce_boat":2,"minecraft:birch_sapling":4,"minecraft:bow":19,"minecraft:furnace":1,"minecraft:oak_sapling":8,"minecraft:potato":348,"minecraft:diamond_boots":1,"minecraft:stone_pickaxe":251,"minecraft:oak_planks":54,"minecraft:wooden_pickaxe":7,"minecraft:composter":10,"minecraft:diamond_axe":351,"minecraft:dripstone_block":7,"minecraft:lightning_rod":1,"minecraft:string":1,"minecraft:gravel":41,"minecraft:diamond_sword":92,"minecraft:oak_boat":1,"minecraft:bone_meal":337,"minecraft:oak_trapdoor":2,"minecraft:oak_fence":2,"minecraft:azalea":13,"minecraft:spruce_planks":26,"minecraft:stone_hoe":358,"minecraft:torch":11,"minecraft:dirt":310,"minecraft:twisting_vines":1,"minecraft:diamond_helmet":1,"minecraft:shulker_box":1,"minecraft:granite":5,"minecraft:iron_hoe":1,"minecraft:flowering_azalea":3,"minecraft:iron_axe":59,"minecraft:bamboo":3,"minecraft:diamond_chestplate":1,"minecraft:acacia_planks":43,"minecraft:cobbled_deepslate":2,"minecraft:wheat_seeds":5,"minecraft:water_bucket":7,"minecraft:amethyst_block":5,"minecraft:baked_potato":94,"minecraft:cauldron":1,"minecraft:fletching_table":2,"minecraft:cobblestone_slab":217,"minecraft:oak_slab":21,"minecraft:crafting_table":3,"minecraft:white_bed":3,"minecraft:smoker":3,"minecraft:mud":87,"minecraft:diamond_pickaxe":595,"minecraft:apple":1,"minecraft:iron_pickaxe":23,"minecraft:spruce_sapling":8,"minecraft:stone_axe":172,"minecraft:fishing_rod":11,"minecraft:cobblestone":83,"minecraft:bucket":8,"minecraft:diamond_leggings":2,"minecraft:soul_torch":1},"minecraft:killed_by":{"minecraft:zombie_villager":3,"minecraft:pufferfish":1,"minecraft:witch":16,"minecraft:player":3,"minecraft:skeleton":1},"minecraft:broken":{"minecraft:stone_pickaxe":1,"minecraft:leather_helmet":1,"minecraft:stone_hoe":2},"minecraft:picked_up":{"minecraft:wooden_axe":3,"minecraft:wheat":3,"minecraft:flower_pot":2,"minecraft:diamond_sword":7,"minecraft:amethyst_block":13,"minecraft:string":136,"minecraft:raw_copper":274,"minecraft:diamond_leggings":8,"minecraft:gold_nugget":341,"minecraft:cobbled_deepslate":57,"minecraft:bucket":5,"minecraft:spruce_planks":341,"minecraft:cobblestone_slab":64,"minecraft:azalea":22,"minecraft:iron_pickaxe":7,"minecraft:melon_slice":7,"minecraft:furnace":2,"minecraft:stick":433,"minecraft:composter":10,"minecraft:oak_fence":2,"minecraft:torch":52,"minecraft:acacia_log":16,"minecraft:diorite":37,"minecraft:stone_sword":2,"minecraft:rotten_flesh":127,"minecraft:obsidian":70,"minecraft:cod":1,"minecraft:cobblestone":530,"minecraft:water_bucket":10,"minecraft:andesite":59,"minecraft:smoker":1,"minecraft:potato":1348,"minecraft:flint":3,"minecraft:lapis_lazuli":412,"minecraft:dirt":484,"minecraft:twisting_vines":1,"minecraft:bone":302,"minecraft:acacia_planks":68,"minecraft:bow":16,"minecraft:wheat_seeds":15,"minecraft:raw_gold":55,"minecraft:fletching_table":1,"minecraft:glowstone_dust":118,"minecraft:diamond_helmet":8,"minecraft:bamboo":13,"minecraft:moss_block":324,"minecraft:stone_hoe":4,"minecraft:oak_planks":222,"minecraft:poisonous_potato":19,"minecraft:granite_slab":1,"minecraft:shulker_box":1,"minecraft:diamond":71,"minecraft:spruce_boat":4,"minecraft:granite":44,"minecraft:bone_meal":182,"minecraft:golden_apple":14,"minecraft:emerald":104,"minecraft:oak_sapling":39,"minecraft:netherrack":55,"minecraft:diamond_pickaxe":12,"minecraft:fishing_rod":2,"minecraft:mud":206,"minecraft:crafting_table":8,"minecraft:ladder":16,"minecraft:clay_ball":392,"minecraft:brown_mushroom":2,"minecraft:wooden_pickaxe":2,"minecraft:brick":2,"minecraft:oak_trapdoor":9,"minecraft:moss_carpet":47,"minecraft:iron_axe":1,"minecraft:flint_and_steel":1,"minecraft:blackstone":4,"minecraft:oak_boat":1,"minecraft:spruce_slab":122,"minecraft:chest":2,"minecraft:birch_sapling":1,"minecraft:diamond_hoe":1,"minecraft:raw_iron":101,"minecraft:stone":2,"minecraft:copper_ingot":3,"minecraft:carrot":15,"minecraft:redstone":286,"minecraft:arrow":215,"minecraft:diamond_chestplate":6,"minecraft:diamond_boots":5,"minecraft:gold_ingot":6,"minecraft:stripped_oak_log":1,"minecraft:leather":1,"minecraft:oak_log":230,"minecraft:ancient_debris":36,"minecraft:gunpowder":169,"minecraft:apple":2,"minecraft:iron_ingot":23,"minecraft:stone_pickaxe":4,"minecraft:soul_sand":77,"minecraft:acacia_sapling":9,"minecraft:iron_sword":7,"minecraft:flowering_azalea":4,"minecraft:oak_slab":228,"minecraft:quartz":20,"minecraft:dripstone_block":90,"minecraft:gravel":37,"minecraft:soul_torch":413,"minecraft:spruce_sapling":97,"minecraft:white_bed":3,"minecraft:spruce_log":436,"minecraft:spider_eye":77,"minecraft:leather_helmet":2,"minecraft:slime_ball":28,"minecraft:stone_axe":6,"minecraft:diamond_axe":7,"minecraft:cherry_sapling":4,"minecraft:warped_roots":1,"minecraft:baked_potato":1156,"minecraft:acacia_slab":5,"minecraft:melon_seeds":1,"minecraft:coal":145},"minecraft:mined":{"minecraft:white_bed":3,"minecraft:spruce_planks":16,"minecraft:oak_sapling":3,"minecraft:farmland":19,"minecraft:obsidian":16,"minecraft:granite":27,"minecraft:acacia_log":8,"minecraft:grass_block":141,"minecraft:composter":10,"minecraft:glowstone":17,"minecraft:iron_ore":12,"minecraft:cobbled_deepslate":2,"minecraft:moss_carpet":6,"minecraft:fletching_table":1,"minecraft:granite_slab":1,"minecraft:deepslate_lapis_ore":17,"minecraft:twisting_vines":1,"minecraft:azalea":2,"minecraft:spruce_slab":16,"minecraft:deepslate_redstone_ore":10,"minecraft:blackstone":1,"minecraft:melon_stem":1,"minecraft:smoker":1,"minecraft:clay":24,"minecraft:torch":10,"minecraft:melon":1,"minecraft:chest":2,"minecraft:nether_quartz_ore":10,"minecraft:cobblestone":47,"minecraft:oak_planks":40,"minecraft:wall_torch":1,"minecraft:amethyst_block":6,"minecraft:sniffer_egg":1,"minecraft:cauldron":1,"minecraft:deepslate_copper_ore":18,"minecraft:acacia_sapling":2,"minecraft:mud":74,"minecraft:oak_log":89,"minecraft:dirt":50,"minecraft:netherrack":6,"minecraft:ancient_debris":10,"minecraft:oak_leaves":45,"minecraft:deepslate":25,"minecraft:nether_gold_ore":18,"minecraft:deepslate_diamond_ore":19,"minecraft:shulker_box":1,"minecraft:spruce_leaves":47,"minecraft:moss_block":310,"minecraft:oak_trapdoor":3,"minecraft:spruce_sapling":8,"minecraft:furnace":1,"minecraft:carrots":3,"minecraft:andesite":17,"minecraft:potatoes":344,"minecraft:cobblestone_slab":10,"minecraft:deepslate_iron_ore":24,"minecraft:stripped_oak_log":2,"minecraft:bamboo_sapling":4,"minecraft:bamboo":3,"minecraft:stone":128,"minecraft:podzol":8,"minecraft:oak_slab":38,"minecraft:soul_sand":12,"minecraft:soul_torch":1,"minecraft:oak_fence":2,"minecraft:crafting_table":3,"minecraft:short_grass":9,"minecraft:tall_grass":2,"minecraft:deepslate_coal_ore":16,"minecraft:deepslate_gold_ore":12,"minecraft:diorite":26,"minecraft:spruce_log":90,"minecraft:coal_ore":8,"minecraft:gravel":40,"minecraft:dripstone_block":47,"minecraft:acacia_planks":3,"minecraft:deepslate_emerald_ore":19},"minecraft:killed":{"minecraft:zombified_piglin":3,"minecraft:witch":3,"minecraft:spider":52,"minecraft:pufferfish":1,"minecraft:skeleton":147,"minecraft:chicken":1,"minecraft:creeper":119,"minecraft:trader_llama":1,"minecraft:zombie":147,"minecraft:bat":1,"minecraft:wandering_trader":1,"minecraft:hoglin":1},"minecraft:crafted":{"minecraft:oak_planks":240,"minecraft:cobblestone_slab":216,"minecraft:lightning_rod":1,"minecraft:stone":23,"minecraft:diamond_helmet":1,"minecraft:diamond_leggings":1,"minecraft:bow":3,"minecraft:chest":7,"minecraft:stone_hoe":2,"minecraft:smoker":2,"minecraft:oak_slab":54,"minecraft:cauldron":1,"minecraft:diamond_axe":1,"minecraft:spruce_planks":264,"minecraft:acacia_slab":12,"minecraft:gravel":30,"minecraft:baked_potato":297,"minecraft:copper_ingot":3,"minecraft:fletching_table":1,"minecraft:bamboo":1,"minecraft:stick":112,"minecraft:iron_ingot":43,"minecraft:gold_ingot":3,"minecraft:composter":1,"minecraft:mangrove_propagule":4,"minecraft:fishing_rod":1,"minecraft:soul_torch":68,"minecraft:furnace":2,"minecraft:bone_meal":342,"minecraft:iron_axe":1,"minecraft:ladder":6,"minecraft:iron_hoe":1,"minecraft:stone_pickaxe":3,"minecraft:diamond_boots":1,"minecraft:spruce_boat":2,"minecraft:diamond_sword":1,"minecraft:iron_sword":1,"minecraft:bucket":2,"minecraft:stone_axe":2,"minecraft:air":0,"minecraft:white_wool":13,"minecraft:golden_apple":1,"minecraft:acacia_planks":64,"minecraft:torch":16,"minecraft:diamond_chestplate":1},"minecraft:custom":{"minecraft:interact_with_crafting_table":52,"minecraft:open_shulker_box":5,"minecraft:leave_game":4,"minecraft:time_since_death":4715,"minecraft:sprint_one_cm":572782,"minecraft:drop":772,"minecraft:talked_to_villager":59,"minecraft:play_time":313789,"minecraft:deaths":25,"minecraft:jump":3411,"minecraft:walk_on_water_one_cm":10852,"minecraft:interact_with_furnace":63,"minecraft:traded_with_villager":4,"minecraft:damage_dealt":21268,"minecraft:player_kills":6,"minecraft:crouch_one_cm":56122,"minecraft:interact_with_smoker":51,"minecraft:mob_kills":477,"minecraft:inspect_hopper":1,"minecraft:climb_one_cm":14003,"minecraft:walk_one_cm":943527,"minecraft:sneak_time":22596,"minecraft:walk_under_water_one_cm":215,"minecraft:boat_one_cm":21804,"minecraft:total_world_time":313789,"minecraft:time_since_rest":4750,"minecraft:damage_taken":11212,"minecraft:fly_one_cm":633435,"minecraft:open_chest":225,"minecraft:fish_caught":1,"minecraft:fall_one_cm":89231}},"DataVersion":3953}