{"stats":{"minecraft:dropped":{"minecraft:moss_block":70,"minecraft:lapis_lazuli":174,"minecraft:oak_log":25,"minecraft:baked_potato":267,"minecraft:diamond":6,"minecraft:shaper_armor_trim_smithing_template":1,"minecraft:cod":1,"minecraft:emerald":28,"minecraft:dirt":39,"minecraft:gold_nugget":20,"minecraft:bone_meal":67,"minecraft:iron_pickaxe":2,"minecraft:fishing_rod":2,"minecraft:white_wool":13,"minecraft:gold_ingot":1,"minecraft:stone_axe":3,"minecraft:ancient_debris":5,"minecraft:cobbled_deepslate":20,"minecraft:birch_sapling":1,"minecraft:wheat":2,"minecraft:obsidian":4,"minecraft:cherry_sapling":2,"minecraft:rotten_flesh":26,"minecraft:oak_planks":60,"minecraft:glowstone_dust":16,"minecraft:carrot":3,"minecraft:gunpowder":61,"minecraft:acacia_slab":5,"minecraft:azalea":9,"minecraft:acacia_sapling":1,"minecraft:ladder":8,"minecraft:spruce_slab":66,"minecraft:arrow":69,"minecraft:quartz":6,"minecraft:netherrack":36,"minecraft:stone_hoe":1,"minecraft:water_bucket":1,"minecraft:iron_ingot":6,"minecraft:oak_slab":13,"minecraft:wheat_seeds":2,"minecraft:dripstone_block":20,"minecraft:poisonous_potato":14,"minecraft:cobblestone":146,"minecraft:granite":6,"minecraft:coal":2,"minecraft:stick":6,"minecraft:diorite":8,"minecraft:torch":13,"minecraft:wooden_axe":3,"minecraft:flowering_azalea":1,"minecraft:iron_axe":2,"minecraft:mud":47,"minecraft:string":12,"minecraft:bucket":1,"minecraft:acacia_planks":12,"minecraft:spruce_sapling":6,"minecraft:redstone":72,"minecraft:moss_carpet":23,"minecraft:stone_sword":2,"minecraft:raw_copper":68,"minecraft:raw_iron":21,"minecraft:clay_ball":160,"minecraft:stripped_oak_log":1,"minecraft:spruce_planks":64,"minecraft:diamond_pickaxe":2,"minecraft:andesite":2,"minecraft:oak_sapling":4,"minecraft:spruce_log":192,"minecraft:slime_ball":2,"minecraft:bow":6,"minecraft:stone_pickaxe":3,"minecraft:wooden_pickaxe":2,"minecraft:raw_gold":9,"minecraft:brick":1},"minecraft:used":{"minecraft:moss_block":137,"minecraft:moss_carpet":24,"minecraft:spruce_slab":2,"minecraft:ladder":5,"minecraft:chest":8,"minecraft:stone":23,"minecraft:iron_sword":208,"minecraft:carrot":1,"minecraft:acacia_sapling":5,"minecraft:birch_sapling":4,"minecraft:bow":11,"minecraft:furnace":1,"minecraft:oak_sapling":3,"minecraft:potato":348,"minecraft:stone_pickaxe":251,"minecraft:oak_planks":49,"minecraft:wooden_pickaxe":7,"minecraft:composter":1,"minecraft:diamond_axe":195,"minecraft:dripstone_block":7,"minecraft:lightning_rod":1,"minecraft:string":1,"minecraft:gravel":41,"minecraft:oak_boat":1,"minecraft:bone_meal":298,"minecraft:azalea":13,"minecraft:spruce_planks":8,"minecraft:stone_hoe":358,"minecraft:torch":11,"minecraft:dirt":252,"minecraft:diamond_helmet":1,"minecraft:shulker_box":1,"minecraft:granite":5,"minecraft:iron_hoe":1,"minecraft:flowering_azalea":3,"minecraft:iron_axe":59,"minecraft:bamboo":3,"minecraft:diamond_chestplate":1,"minecraft:acacia_planks":43,"minecraft:cobbled_deepslate":2,"minecraft:wheat_seeds":5,"minecraft:water_bucket":7,"minecraft:amethyst_block":5,"minecraft:baked_potato":65,"minecraft:cauldron":1,"minecraft:cobblestone_slab":46,"minecraft:oak_slab":21,"minecraft:crafting_table":2,"minecraft:smoker":3,"minecraft:mud":87,"minecraft:diamond_pickaxe":568,"minecraft:apple":1,"minecraft:iron_pickaxe":23,"minecraft:stone_axe":172,"minecraft:fishing_rod":11,"minecraft:cobblestone":82,"minecraft:bucket":8},"minecraft:killed_by":{"minecraft:zombie_villager":1,"minecraft:pufferfish":1,"minecraft:witch":2,"minecraft:player":2,"minecraft:skeleton":1},"minecraft:broken":{"minecraft:stone_pickaxe":1,"minecraft:leather_helmet":1,"minecraft:stone_hoe":2},"minecraft:picked_up":{"minecraft:wooden_axe":3,"minecraft:wheat":3,"minecraft:flower_pot":2,"minecraft:amethyst_block":6,"minecraft:string":136,"minecraft:raw_copper":274,"minecraft:gold_nugget":124,"minecraft:cobbled_deepslate":57,"minecraft:bucket":5,"minecraft:spruce_planks":140,"minecraft:azalea":22,"minecraft:iron_pickaxe":7,"minecraft:melon_slice":7,"minecraft:furnace":2,"minecraft:stick":26,"minecraft:composter":1,"minecraft:torch":36,"minecraft:acacia_log":16,"minecraft:diorite":37,"minecraft:stone_sword":2,"minecraft:rotten_flesh":86,"minecraft:obsidian":4,"minecraft:cod":1,"minecraft:cobblestone":529,"minecraft:water_bucket":3,"minecraft:andesite":28,"minecraft:smoker":1,"minecraft:potato":940,"minecraft:flint":3,"minecraft:lapis_lazuli":389,"minecraft:dirt":249,"minecraft:bone":151,"minecraft:acacia_planks":68,"minecraft:bow":15,"minecraft:wheat_seeds":15,"minecraft:raw_gold":31,"minecraft:glowstone_dust":118,"minecraft:diamond_helmet":2,"minecraft:bamboo":13,"minecraft:moss_block":313,"minecraft:stone_hoe":4,"minecraft:oak_planks":151,"minecraft:poisonous_potato":18,"minecraft:granite_slab":1,"minecraft:shulker_box":1,"minecraft:diamond":67,"minecraft:granite":43,"minecraft:bone_meal":77,"minecraft:emerald":95,"minecraft:oak_sapling":7,"minecraft:netherrack":51,"minecraft:diamond_pickaxe":7,"minecraft:fishing_rod":2,"minecraft:mud":206,"minecraft:crafting_table":2,"minecraft:ladder":8,"minecraft:clay_ball":388,"minecraft:brown_mushroom":2,"minecraft:wooden_pickaxe":2,"minecraft:brick":2,"minecraft:moss_carpet":47,"minecraft:iron_axe":1,"minecraft:blackstone":2,"minecraft:oak_boat":1,"minecraft:spruce_slab":92,"minecraft:chest":2,"minecraft:birch_sapling":1,"minecraft:raw_iron":101,"minecraft:stone":2,"minecraft:copper_ingot":3,"minecraft:carrot":15,"minecraft:redstone":223,"minecraft:arrow":115,"minecraft:diamond_chestplate":2,"minecraft:stripped_oak_log":1,"minecraft:leather":1,"minecraft:oak_log":118,"minecraft:ancient_debris":36,"minecraft:gunpowder":144,"minecraft:apple":1,"minecraft:iron_ingot":23,"minecraft:stone_pickaxe":4,"minecraft:soul_sand":20,"minecraft:acacia_sapling":7,"minecraft:iron_sword":7,"minecraft:flowering_azalea":4,"minecraft:oak_slab":220,"minecraft:quartz":20,"minecraft:dripstone_block":90,"minecraft:gravel":37,"minecraft:spruce_sapling":40,"minecraft:spruce_log":424,"minecraft:spider_eye":77,"minecraft:leather_helmet":2,"minecraft:slime_ball":28,"minecraft:stone_axe":6,"minecraft:diamond_axe":2,"minecraft:cherry_sapling":4,"minecraft:baked_potato":546,"minecraft:acacia_slab":5,"minecraft:melon_seeds":1,"minecraft:coal":145},"minecraft:mined":{"minecraft:spruce_planks":10,"minecraft:oak_sapling":3,"minecraft:farmland":19,"minecraft:obsidian":8,"minecraft:granite":26,"minecraft:acacia_log":8,"minecraft:grass_block":137,"minecraft:composter":1,"minecraft:glowstone":17,"minecraft:iron_ore":12,"minecraft:cobbled_deepslate":2,"minecraft:moss_carpet":6,"minecraft:granite_slab":1,"minecraft:deepslate_lapis_ore":17,"minecraft:azalea":2,"minecraft:spruce_slab":7,"minecraft:deepslate_redstone_ore":10,"minecraft:blackstone":1,"minecraft:melon_stem":1,"minecraft:smoker":1,"minecraft:clay":24,"minecraft:torch":8,"minecraft:melon":1,"minecraft:chest":2,"minecraft:nether_quartz_ore":10,"minecraft:cobblestone":43,"minecraft:oak_planks":34,"minecraft:wall_torch":1,"minecraft:amethyst_block":5,"minecraft:sniffer_egg":1,"minecraft:cauldron":1,"minecraft:deepslate_copper_ore":18,"minecraft:acacia_sapling":2,"minecraft:mud":74,"minecraft:oak_log":74,"minecraft:dirt":33,"minecraft:netherrack":6,"minecraft:ancient_debris":10,"minecraft:oak_leaves":45,"minecraft:deepslate":25,"minecraft:nether_gold_ore":18,"minecraft:deepslate_diamond_ore":18,"minecraft:shulker_box":1,"minecraft:spruce_leaves":46,"minecraft:moss_block":309,"minecraft:furnace":1,"minecraft:carrots":3,"minecraft:andesite":17,"minecraft:potatoes":267,"minecraft:deepslate_iron_ore":24,"minecraft:stripped_oak_log":2,"minecraft:bamboo_sapling":4,"minecraft:bamboo":3,"minecraft:stone":127,"minecraft:oak_slab":17,"minecraft:soul_sand":12,"minecraft:crafting_table":2,"minecraft:short_grass":8,"minecraft:tall_grass":2,"minecraft:deepslate_coal_ore":16,"minecraft:deepslate_gold_ore":12,"minecraft:diorite":26,"minecraft:spruce_log":78,"minecraft:coal_ore":8,"minecraft:gravel":40,"minecraft:dripstone_block":47,"minecraft:acacia_planks":3,"minecraft:deepslate_emerald_ore":19},"minecraft:killed":{"minecraft:witch":3,"minecraft:spider":52,"minecraft:pufferfish":1,"minecraft:skeleton":108,"minecraft:creeper":80,"minecraft:trader_llama":1,"minecraft:zombie":104,"minecraft:bat":1,"minecraft:wandering_trader":1},"minecraft:crafted":{"minecraft:oak_planks":176,"minecraft:cobblestone_slab":216,"minecraft:lightning_rod":1,"minecraft:stone":23,"minecraft:diamond_helmet":1,"minecraft:diamond_leggings":1,"minecraft:bow":3,"minecraft:chest":6,"minecraft:stone_hoe":2,"minecraft:smoker":2,"minecraft:oak_slab":54,"minecraft:cauldron":1,"minecraft:diamond_axe":1,"minecraft:spruce_planks":216,"minecraft:acacia_slab":12,"minecraft:gravel":30,"minecraft:baked_potato":297,"minecraft:copper_ingot":3,"minecraft:bamboo":1,"minecraft:stick":108,"minecraft:iron_ingot":38,"minecraft:gold_ingot":1,"minecraft:composter":1,"minecraft:mangrove_propagule":4,"minecraft:fishing_rod":1,"minecraft:furnace":2,"minecraft:bone_meal":342,"minecraft:iron_axe":1,"minecraft:ladder":6,"minecraft:iron_hoe":1,"minecraft:stone_pickaxe":3,"minecraft:diamond_boots":1,"minecraft:iron_sword":1,"minecraft:bucket":2,"minecraft:stone_axe":2,"minecraft:air":0,"minecraft:white_wool":13,"minecraft:acacia_planks":64,"minecraft:torch":16,"minecraft:diamond_chestplate":1},"minecraft:custom":{"minecraft:interact_with_crafting_table":41,"minecraft:open_shulker_box":3,"minecraft:leave_game":4,"minecraft:time_since_death":46244,"minecraft:sprint_one_cm":419278,"minecraft:drop":572,"minecraft:talked_to_villager":43,"minecraft:play_time":247789,"minecraft:deaths":8,"minecraft:jump":2567,"minecraft:walk_on_water_one_cm":9512,"minecraft:interact_with_furnace":57,"minecraft:traded_with_villager":4,"minecraft:damage_dealt":14546,"minecraft:player_kills":4,"minecraft:crouch_one_cm":36992,"minecraft:interact_with_smoker":51,"minecraft:mob_kills":351,"minecraft:climb_one_cm":13625,"minecraft:walk_one_cm":752018,"minecraft:sneak_time":15047,"minecraft:walk_under_water_one_cm":215,"minecraft:boat_one_cm":11454,"minecraft:total_world_time":247789,"minecraft:time_since_rest":46272,"minecraft:damage_taken":5085,"minecraft:fly_one_cm":462455,"minecraft:open_chest":155,"minecraft:fish_caught":1,"minecraft:fall_one_cm":63754}},"DataVersion":3953}