{"stats":{"minecraft:dropped":{"minecraft:soul_sand":1,"minecraft:moss_block":80,"minecraft:brown_mushroom":8,"minecraft:diamond_axe":2,"minecraft:lapis_lazuli":197,"minecraft:oak_log":39,"minecraft:baked_potato":267,"minecraft:glass_bottle":2,"minecraft:diamond":7,"minecraft:shaper_armor_trim_smithing_template":2,"minecraft:rail":31,"minecraft:leather_helmet":1,"minecraft:red_mushroom":1,"minecraft:cod":1,"minecraft:emerald":28,"minecraft:dirt":116,"minecraft:netherite_scrap":1,"minecraft:yellow_dye":2,"minecraft:gold_nugget":76,"minecraft:bone_meal":82,"minecraft:iron_pickaxe":2,"minecraft:fishing_rod":3,"minecraft:white_wool":22,"minecraft:danger_pottery_sherd":1,"minecraft:gold_ingot":1,"minecraft:bone":38,"minecraft:gravel":2,"minecraft:stone_axe":3,"minecraft:blackstone":8,"minecraft:ancient_debris":5,"minecraft:golden_chestplate":1,"minecraft:cobbled_deepslate":21,"minecraft:birch_sapling":1,"minecraft:wheat":2,"minecraft:obsidian":4,"minecraft:cherry_sapling":2,"minecraft:rotten_flesh":51,"minecraft:oak_planks":72,"minecraft:glowstone_dust":27,"minecraft:white_bed":2,"minecraft:carrot":110,"minecraft:chainmail_chestplate":1,"minecraft:leather_chestplate":1,"minecraft:red_candle":1,"minecraft:gunpowder":61,"minecraft:beetroot_seeds":1,"minecraft:acacia_slab":5,"minecraft:leather_boots":3,"minecraft:acacia_sapling":5,"minecraft:azalea":9,"minecraft:chainmail_boots":1,"minecraft:ladder":12,"minecraft:leather_leggings":2,"minecraft:brown_candle":1,"minecraft:white_dye":1,"minecraft:spruce_slab":94,"minecraft:arrow":82,"minecraft:quartz":6,"minecraft:netherrack":45,"minecraft:iron_ingot":44,"minecraft:water_bucket":2,"minecraft:stone_hoe":2,"minecraft:golden_boots":1,"minecraft:oak_slab":13,"minecraft:wheat_seeds":4,"minecraft:dripstone_block":22,"minecraft:diamond_leggings":2,"minecraft:poisonous_potato":14,"minecraft:cobblestone":153,"minecraft:amethyst_block":6,"minecraft:granite":11,"minecraft:burn_pottery_sherd":2,"minecraft:tropical_fish":1,"minecraft:coal":2,"minecraft:stick":14,"minecraft:pufferfish":1,"minecraft:diorite":9,"minecraft:torch":16,"minecraft:wooden_axe":3,"minecraft:diamond_helmet":3,"minecraft:flowering_azalea":1,"minecraft:iron_axe":2,"minecraft:mud":48,"minecraft:chainmail_leggings":1,"minecraft:iron_shovel":2,"minecraft:string":12,"minecraft:bucket":1,"minecraft:acacia_planks":13,"minecraft:spruce_sapling":20,"minecraft:redstone":107,"minecraft:moss_carpet":23,"minecraft:oak_trapdoor":1,"minecraft:soul_torch":4,"minecraft:stone_sword":2,"minecraft:raw_copper":68,"minecraft:diamond_hoe":1,"minecraft:raw_iron":24,"minecraft:chicken":3,"minecraft:clay_ball":160,"minecraft:stripped_oak_log":1,"minecraft:diamond_sword":4,"minecraft:light_blue_dye":1,"minecraft:potato":499,"minecraft:spruce_boat":2,"minecraft:diamond_chestplate":1,"minecraft:spruce_planks":67,"minecraft:diamond_pickaxe":7,"minecraft:andesite":6,"minecraft:golden_leggings":1,"minecraft:oak_sapling":15,"minecraft:diamond_boots":1,"minecraft:spruce_log":192,"minecraft:slime_ball":2,"minecraft:wooden_pickaxe":2,"minecraft:bow":25,"minecraft:stone_pickaxe":3,"minecraft:purple_candle":1,"minecraft:raw_gold":9,"minecraft:brick":2},"minecraft:used":{"minecraft:moss_block":137,"minecraft:moss_carpet":24,"minecraft:spruce_slab":50,"minecraft:ladder":5,"minecraft:chest":16,"minecraft:stone":23,"minecraft:iron_sword":208,"minecraft:carrot":187,"minecraft:acacia_sapling":5,"minecraft:obsidian":1,"minecraft:spruce_boat":2,"minecraft:birch_sapling":4,"minecraft:bow":19,"minecraft:oak_sapling":8,"minecraft:furnace":1,"minecraft:potato":428,"minecraft:diamond_boots":1,"minecraft:stone_pickaxe":251,"minecraft:powered_rail":2,"minecraft:oak_planks":55,"minecraft:wooden_pickaxe":7,"minecraft:composter":10,"minecraft:diamond_axe":426,"minecraft:dripstone_block":8,"minecraft:lightning_rod":1,"minecraft:redstone_torch":2,"minecraft:string":1,"minecraft:gravel":41,"minecraft:green_candle":1,"minecraft:diamond_sword":195,"minecraft:oak_boat":1,"minecraft:azalea":13,"minecraft:bone_meal":532,"minecraft:oak_fence":2,"minecraft:oak_trapdoor":2,"minecraft:spruce_planks":28,"minecraft:stone_hoe":358,"minecraft:netherrack":1,"minecraft:torch":15,"minecraft:dirt":330,"minecraft:twisting_vines":1,"minecraft:diamond_helmet":1,"minecraft:shulker_box":1,"minecraft:granite":5,"minecraft:purple_stained_glass_pane":1,"minecraft:iron_hoe":10,"minecraft:flowering_azalea":3,"minecraft:iron_axe":113,"minecraft:bamboo":3,"minecraft:diamond_chestplate":2,"minecraft:minecart":4,"minecraft:cobbled_deepslate":2,"minecraft:acacia_planks":53,"minecraft:wheat_seeds":5,"minecraft:water_bucket":9,"minecraft:amethyst_block":5,"minecraft:baked_potato":104,"minecraft:cauldron":1,"minecraft:fletching_table":2,"minecraft:cobblestone_slab":217,"minecraft:rail":32,"minecraft:oak_slab":172,"minecraft:crafting_table":3,"minecraft:white_bed":3,"minecraft:smoker":3,"minecraft:mud":87,"minecraft:diamond_pickaxe":1151,"minecraft:apple":2,"minecraft:iron_pickaxe":23,"minecraft:spruce_sapling":8,"minecraft:stone_axe":172,"minecraft:fishing_rod":22,"minecraft:cobblestone":83,"minecraft:bucket":10,"minecraft:diamond_leggings":3,"minecraft:soul_torch":1},"minecraft:killed_by":{"minecraft:zombie_villager":3,"minecraft:pufferfish":1,"minecraft:witch":16,"minecraft:player":4,"minecraft:skeleton":1},"minecraft:broken":{"minecraft:stone_pickaxe":1,"minecraft:leather_helmet":1,"minecraft:stone_hoe":2},"minecraft:picked_up":{"minecraft:wooden_axe":3,"minecraft:wheat":3,"minecraft:chainmail_boots":1,"minecraft:flower_pot":2,"minecraft:diamond_sword":10,"minecraft:potion":1,"minecraft:amethyst_block":38,"minecraft:string":136,"minecraft:raw_copper":305,"minecraft:pufferfish":1,"minecraft:diamond_leggings":10,"minecraft:gold_nugget":364,"minecraft:cobbled_deepslate":67,"minecraft:bucket":5,"minecraft:spruce_planks":352,"minecraft:cobblestone_slab":64,"minecraft:azalea":22,"minecraft:iron_pickaxe":7,"minecraft:melon_slice":7,"minecraft:furnace":2,"minecraft:golden_helmet":1,"minecraft:stick":435,"minecraft:composter":10,"minecraft:oak_fence":2,"minecraft:torch":54,"minecraft:acacia_log":16,"minecraft:diorite":50,"minecraft:shaper_armor_trim_smithing_template":1,"minecraft:stone_sword":2,"minecraft:rotten_flesh":146,"minecraft:tropical_fish":1,"minecraft:obsidian":82,"minecraft:cod":4,"minecraft:cobblestone":577,"minecraft:water_bucket":11,"minecraft:andesite":88,"minecraft:smoker":1,"minecraft:potato":1598,"minecraft:flint":3,"minecraft:lapis_lazuli":448,"minecraft:dirt":583,"minecraft:twisting_vines":1,"minecraft:bone":320,"minecraft:acacia_planks":102,"minecraft:bow":23,"minecraft:wheat_seeds":15,"minecraft:green_candle":1,"minecraft:raw_gold":72,"minecraft:fletching_table":1,"minecraft:diamond_helmet":10,"minecraft:glowstone_dust":140,"minecraft:bamboo":13,"minecraft:moss_block":352,"minecraft:stone_hoe":5,"minecraft:oak_planks":223,"minecraft:poisonous_potato":19,"minecraft:granite_slab":1,"minecraft:shulker_box":1,"minecraft:diamond":94,"minecraft:spruce_boat":4,"minecraft:granite":52,"minecraft:bone_meal":182,"minecraft:golden_apple":14,"minecraft:emerald":121,"minecraft:oak_sapling":39,"minecraft:netherrack":67,"minecraft:diamond_pickaxe":16,"minecraft:fishing_rod":2,"minecraft:mud":225,"minecraft:crafting_table":8,"minecraft:chicken":1,"minecraft:ladder":17,"minecraft:clay_ball":448,"minecraft:leather_leggings":2,"minecraft:brown_mushroom":3,"minecraft:wooden_pickaxe":2,"minecraft:brick":2,"minecraft:cornflower":1,"minecraft:oak_trapdoor":9,"minecraft:moss_carpet":47,"minecraft:iron_axe":2,"minecraft:flint_and_steel":1,"minecraft:netherite_scrap":1,"minecraft:blackstone":21,"minecraft:oak_boat":1,"minecraft:spruce_slab":159,"minecraft:minecart":3,"minecraft:chest":2,"minecraft:birch_sapling":1,"minecraft:diamond_hoe":1,"minecraft:raw_iron":122,"minecraft:stone":2,"minecraft:copper_ingot":3,"minecraft:carrot":329,"minecraft:redstone":357,"minecraft:arrow":230,"minecraft:diamond_chestplate":8,"minecraft:diamond_boots":7,"minecraft:gold_ingot":14,"minecraft:rail":37,"minecraft:stripped_oak_log":1,"minecraft:salmon":2,"minecraft:leather":1,"minecraft:yellow_dye":1,"minecraft:oak_log":278,"minecraft:ancient_debris":42,"minecraft:gunpowder":173,"minecraft:apple":4,"minecraft:iron_ingot":51,"minecraft:stone_pickaxe":4,"minecraft:glass_bottle":1,"minecraft:iron_sword":7,"minecraft:flowering_azalea":4,"minecraft:acacia_sapling":9,"minecraft:soul_sand":89,"minecraft:oak_slab":236,"minecraft:quartz":31,"minecraft:dripstone_block":118,"minecraft:gravel":37,"minecraft:soul_torch":413,"minecraft:spruce_sapling":97,"minecraft:white_bed":4,"minecraft:spruce_log":436,"minecraft:spider_eye":77,"minecraft:leather_helmet":2,"minecraft:slime_ball":28,"minecraft:stone_axe":6,"minecraft:diamond_axe":7,"minecraft:cherry_sapling":4,"minecraft:warped_roots":1,"minecraft:baked_potato":1156,"minecraft:acacia_slab":5,"minecraft:melon_seeds":1,"minecraft:coal":166},"minecraft:mined":{"minecraft:white_bed":4,"minecraft:spruce_planks":25,"minecraft:oak_sapling":3,"minecraft:farmland":28,"minecraft:obsidian":28,"minecraft:granite":35,"minecraft:acacia_log":8,"minecraft:grass_block":214,"minecraft:purple_stained_glass_pane":1,"minecraft:composter":10,"minecraft:glowstone":25,"minecraft:iron_ore":12,"minecraft:cobbled_deepslate":2,"minecraft:moss_carpet":6,"minecraft:granite_slab":1,"minecraft:fletching_table":1,"minecraft:deepslate_lapis_ore":23,"minecraft:twisting_vines":1,"minecraft:azalea":2,"minecraft:spruce_slab":52,"minecraft:deepslate_redstone_ore":22,"minecraft:blackstone":14,"minecraft:melon_stem":1,"minecraft:smoker":1,"minecraft:clay":39,"minecraft:torch":12,"minecraft:melon":1,"minecraft:chest":2,"minecraft:nether_quartz_ore":20,"minecraft:cobblestone":47,"minecraft:oak_planks":41,"minecraft:wall_torch":1,"minecraft:sniffer_egg":1,"minecraft:amethyst_block":30,"minecraft:cauldron":1,"minecraft:deepslate_copper_ore":28,"minecraft:acacia_sapling":2,"minecraft:powered_rail":2,"minecraft:mud":92,"minecraft:oak_log":144,"minecraft:dirt":58,"minecraft:netherrack":19,"minecraft:ancient_debris":17,"minecraft:oak_leaves":64,"minecraft:deepslate":35,"minecraft:nether_gold_ore":28,"minecraft:deepslate_diamond_ore":40,"minecraft:shulker_box":1,"minecraft:redstone_wire":8,"minecraft:spruce_leaves":64,"minecraft:moss_block":335,"minecraft:oak_trapdoor":3,"minecraft:spruce_sapling":8,"minecraft:furnace":1,"minecraft:carrots":101,"minecraft:andesite":42,"minecraft:vine":12,"minecraft:potatoes":344,"minecraft:deepslate_iron_ore":42,"minecraft:cobblestone_slab":10,"minecraft:rail":26,"minecraft:stripped_oak_log":2,"minecraft:bamboo_sapling":4,"minecraft:bamboo":3,"minecraft:stone":173,"minecraft:podzol":8,"minecraft:oak_slab":46,"minecraft:soul_sand":24,"minecraft:soul_torch":1,"minecraft:oak_fence":2,"minecraft:crafting_table":3,"minecraft:short_grass":9,"minecraft:tall_grass":2,"minecraft:deepslate_coal_ore":35,"minecraft:deepslate_gold_ore":27,"minecraft:sculk":9,"minecraft:diorite":36,"minecraft:redstone_torch":1,"minecraft:spruce_log":90,"minecraft:coal_ore":8,"minecraft:gravel":40,"minecraft:dripstone_block":74,"minecraft:acacia_planks":36,"minecraft:deepslate_emerald_ore":33},"minecraft:killed":{"minecraft:zombified_piglin":4,"minecraft:witch":6,"minecraft:spider":52,"minecraft:pufferfish":1,"minecraft:skeleton":203,"minecraft:chicken":1,"minecraft:cat":1,"minecraft:creeper":206,"minecraft:trader_llama":1,"minecraft:zombie":212,"minecraft:bat":1,"minecraft:wandering_trader":1,"minecraft:hoglin":1,"minecraft:villager":1},"minecraft:crafted":{"minecraft:oak_planks":336,"minecraft:cobblestone_slab":216,"minecraft:lightning_rod":1,"minecraft:stone":23,"minecraft:glass":6,"minecraft:diamond_helmet":1,"minecraft:bow":3,"minecraft:diamond_leggings":1,"minecraft:chest":15,"minecraft:rail":32,"minecraft:stone_hoe":2,"minecraft:smoker":2,"minecraft:oak_slab":96,"minecraft:cauldron":1,"minecraft:diamond_axe":1,"minecraft:spruce_planks":264,"minecraft:acacia_slab":12,"minecraft:gravel":30,"minecraft:baked_potato":297,"minecraft:copper_ingot":3,"minecraft:fletching_table":1,"minecraft:bamboo":1,"minecraft:diamond_pickaxe":1,"minecraft:charcoal":38,"minecraft:stick":256,"minecraft:iron_ingot":70,"minecraft:gold_ingot":3,"minecraft:redstone_torch":2,"minecraft:composter":1,"minecraft:mangrove_propagule":4,"minecraft:fishing_rod":1,"minecraft:soul_torch":68,"minecraft:furnace":2,"minecraft:bone_meal":726,"minecraft:iron_axe":2,"minecraft:ladder":6,"minecraft:spruce_slab":126,"minecraft:iron_hoe":2,"minecraft:stone_pickaxe":3,"minecraft:diamond_boots":1,"minecraft:spruce_boat":2,"minecraft:netherite_scrap":1,"minecraft:minecart":1,"minecraft:wolf_spawn_egg":1,"minecraft:diamond_sword":1,"minecraft:powered_rail":6,"minecraft:iron_sword":1,"minecraft:bucket":2,"minecraft:stone_axe":2,"minecraft:air":0,"minecraft:white_wool":19,"minecraft:golden_apple":1,"minecraft:white_bed":2,"minecraft:acacia_planks":64,"minecraft:torch":16,"minecraft:diamond_chestplate":2},"minecraft:custom":{"minecraft:interact_with_crafting_table":69,"minecraft:open_shulker_box":5,"minecraft:leave_game":7,"minecraft:time_since_death":72277,"minecraft:sprint_one_cm":824466,"minecraft:drop":947,"minecraft:talked_to_villager":68,"minecraft:play_time":431103,"minecraft:deaths":26,"minecraft:jump":4945,"minecraft:walk_on_water_one_cm":11527,"minecraft:interact_with_furnace":79,"minecraft:traded_with_villager":5,"minecraft:sleep_in_bed":1,"minecraft:damage_dealt":24450,"minecraft:player_kills":6,"minecraft:crouch_one_cm":74822,"minecraft:interact_with_smoker":52,"minecraft:interact_with_smithing_table":2,"minecraft:mob_kills":702,"minecraft:inspect_hopper":2,"minecraft:climb_one_cm":19007,"minecraft:walk_one_cm":1171029,"minecraft:sneak_time":27750,"minecraft:walk_under_water_one_cm":215,"minecraft:boat_one_cm":21804,"minecraft:total_world_time":431103,"minecraft:time_since_rest":72307,"minecraft:damage_taken":11622,"minecraft:minecart_one_cm":210,"minecraft:fly_one_cm":1036629,"minecraft:open_chest":341,"minecraft:fish_caught":8,"minecraft:fall_one_cm":135029}},"DataVersion":3953}