{"stats":{"minecraft:used":{"minecraft:repeating_command_block":2,"minecraft:command_block":1},"minecraft:custom":{"minecraft:jump":57,"minecraft:time_since_rest":4864,"minecraft:crouch_one_cm":1093,"minecraft:leave_game":1,"minecraft:play_time":19363,"minecraft:sprint_one_cm":1995,"minecraft:deaths":1,"minecraft:time_since_death":4818,"minecraft:walk_one_cm":10084,"minecraft:sneak_time":468,"minecraft:total_world_time":19363,"minecraft:fall_one_cm":1730,"minecraft:fly_one_cm":15426}},"DataVersion":3953}