{"stats":{"minecraft:used":{"minecraft:barrier":15,"minecraft:chain_command_block":11,"minecraft:repeating_command_block":27,"minecraft:redstone_block":1,"minecraft:command_block":8},"minecraft:custom":{"minecraft:jump":242,"minecraft:time_since_rest":2514,"minecraft:crouch_one_cm":4664,"minecraft:leave_game":8,"minecraft:play_time":75529,"minecraft:sprint_one_cm":10154,"minecraft:time_since_death":2487,"minecraft:walk_one_cm":24249,"minecraft:deaths":8,"minecraft:sneak_time":2470,"minecraft:total_world_time":75529,"minecraft:fall_one_cm":2566,"minecraft:fly_one_cm":142720}},"DataVersion":3953}