{"stats":{"minecraft:custom":{"minecraft:jump":100,"minecraft:time_since_rest":3554,"minecraft:crouch_one_cm":2400,"minecraft:leave_game":6,"minecraft:play_time":50921,"minecraft:sprint_one_cm":1995,"minecraft:time_since_death":3528,"minecraft:walk_one_cm":13210,"minecraft:deaths":6,"minecraft:sneak_time":1217,"minecraft:total_world_time":50921,"minecraft:fall_one_cm":1730,"minecraft:fly_one_cm":77379},"minecraft:used":{"minecraft:barrier":3,"minecraft:chain_command_block":3,"minecraft:repeating_command_block":9,"minecraft:redstone_block":1,"minecraft:command_block":8}},"DataVersion":3953}