{"stats":{"minecraft:custom":{"minecraft:jump":136,"minecraft:time_since_rest":15554,"minecraft:crouch_one_cm":4052,"minecraft:leave_game":6,"minecraft:play_time":62921,"minecraft:sprint_one_cm":1995,"minecraft:time_since_death":15528,"minecraft:walk_one_cm":17403,"minecraft:deaths":6,"minecraft:sneak_time":1952,"minecraft:total_world_time":62921,"minecraft:fall_one_cm":1730,"minecraft:fly_one_cm":89922},"minecraft:used":{"minecraft:barrier":13,"minecraft:chain_command_block":10,"minecraft:repeating_command_block":25,"minecraft:redstone_block":1,"minecraft:command_block":8}},"DataVersion":3953}