{"stats":{"minecraft:custom":{"minecraft:jump":98,"minecraft:time_since_rest":606,"minecraft:crouch_one_cm":2291,"minecraft:leave_game":5,"minecraft:play_time":44230,"minecraft:sprint_one_cm":1995,"minecraft:time_since_death":575,"minecraft:walk_one_cm":12760,"minecraft:deaths":4,"minecraft:sneak_time":1138,"minecraft:total_world_time":44230,"minecraft:fall_one_cm":1730,"minecraft:fly_one_cm":47357},"minecraft:used":{"minecraft:barrier":1,"minecraft:chain_command_block":3,"minecraft:repeating_command_block":8,"minecraft:redstone_block":1,"minecraft:command_block":8}},"DataVersion":3953}