{"stats":{"minecraft:dropped":{"minecraft:iron_sword":1,"minecraft:moss_block":40,"minecraft:lapis_lazuli":42,"minecraft:baked_potato":33,"minecraft:diamond":17,"minecraft:crafting_table":1,"minecraft:rail":9,"minecraft:dirt":107,"minecraft:iron_pickaxe":1,"minecraft:fishing_rod":1,"minecraft:gold_ingot":4,"minecraft:bone":82,"minecraft:blackstone":3,"minecraft:ancient_debris":13,"minecraft:cobbled_deepslate":1,"minecraft:rotten_flesh":26,"minecraft:oak_planks":9,"minecraft:carrot":2,"minecraft:turtle_helmet":1,"minecraft:gunpowder":24,"minecraft:acacia_sapling":2,"minecraft:azalea":9,"minecraft:water_bucket":1,"minecraft:stone_hoe":1,"minecraft:oak_slab":65,"minecraft:minecart":1,"minecraft:dripstone_block":1,"minecraft:poisonous_potato":2,"minecraft:amethyst_block":7,"minecraft:apple":2,"minecraft:granite":2,"minecraft:tropical_fish":1,"minecraft:acacia_log":8,"minecraft:coal":1,"minecraft:stick":1,"minecraft:diorite":6,"minecraft:mud":19,"minecraft:string":3,"minecraft:spruce_sapling":9,"minecraft:redstone":8,"minecraft:raw_copper":28,"minecraft:raw_iron":6,"minecraft:clay_ball":72,"minecraft:diamond_sword":3,"minecraft:potato":723,"minecraft:spruce_planks":2,"minecraft:diamond_pickaxe":2,"minecraft:andesite":6,"minecraft:bow":4,"minecraft:stone_pickaxe":1},"minecraft:used":{"minecraft:moss_block":18,"minecraft:spruce_slab":1036,"minecraft:ladder":29,"minecraft:diamond_hoe":602,"minecraft:chest":8,"minecraft:iron_sword":196,"minecraft:carrot":18,"minecraft:acacia_sapling":1,"minecraft:obsidian":10,"minecraft:spruce_boat":1,"minecraft:glass":12,"minecraft:bow":71,"minecraft:furnace":4,"minecraft:oak_sapling":7,"minecraft:potato":79,"minecraft:diorite":6,"minecraft:diamond_boots":1,"minecraft:acacia_trapdoor":2,"minecraft:stone_pickaxe":196,"minecraft:oak_planks":419,"minecraft:wooden_pickaxe":57,"minecraft:diamond_axe":120,"minecraft:dripstone_block":3,"minecraft:gravel":8,"minecraft:granite_slab":78,"minecraft:green_candle":1,"minecraft:diamond_sword":357,"minecraft:wooden_sword":59,"minecraft:smithing_table":1,"minecraft:andesite":29,"minecraft:oak_boat":2,"minecraft:air":5,"minecraft:bone_meal":123,"minecraft:oak_trapdoor":13,"minecraft:stone_sword":18,"minecraft:acacia_log":3,"minecraft:flint_and_steel":14,"minecraft:spruce_planks":542,"minecraft:stone_hoe":2,"minecraft:torch":43,"minecraft:dirt":302,"minecraft:white_carpet":4,"minecraft:hopper":4,"minecraft:granite":28,"minecraft:spruce_fence":1,"minecraft:iron_axe":262,"minecraft:diamond_chestplate":1,"minecraft:acacia_planks":3,"minecraft:water_bucket":30,"minecraft:amethyst_block":1,"minecraft:glass_bottle":9,"minecraft:baked_potato":84,"minecraft:cobblestone_slab":107,"minecraft:oak_slab":159,"minecraft:crafting_table":9,"minecraft:white_bed":14,"minecraft:mud":9,"minecraft:diamond_pickaxe":1082,"minecraft:diamond_shovel":211,"minecraft:oak_button":1,"minecraft:iron_pickaxe":3,"minecraft:spruce_trapdoor":75,"minecraft:spruce_sapling":7,"minecraft:stone_axe":99,"minecraft:fishing_rod":7,"minecraft:cobblestone":74,"minecraft:potion":4,"minecraft:bucket":30,"minecraft:diamond_leggings":1},"minecraft:killed_by":{"minecraft:zombie_villager":4,"minecraft:creeper":2,"minecraft:witch":9,"minecraft:player":4,"minecraft:skeleton":1},"minecraft:broken":{"minecraft:golden_leggings":1,"minecraft:stone_pickaxe":1,"minecraft:wooden_sword":1,"minecraft:wooden_pickaxe":1,"minecraft:iron_axe":2},"minecraft:picked_up":{"minecraft:shulker_shell":6,"minecraft:chainmail_boots":1,"minecraft:lead":6,"minecraft:diamond_sword":9,"minecraft:potion":4,"minecraft:amethyst_block":40,"minecraft:string":33,"minecraft:raw_copper":125,"minecraft:netherite_ingot":24,"minecraft:pufferfish":1,"minecraft:diamond_leggings":11,"minecraft:gold_nugget":162,"minecraft:cobbled_deepslate":68,"minecraft:bucket":1,"minecraft:spruce_planks":799,"minecraft:redstone_torch":1,"minecraft:cobblestone_slab":42,"minecraft:azalea":27,"minecraft:iron_pickaxe":4,"minecraft:stick":171,"minecraft:torch":74,"minecraft:acacia_log":21,"minecraft:diorite":51,"minecraft:shaper_armor_trim_smithing_template":1,"minecraft:rotten_flesh":92,"minecraft:tropical_fish":1,"minecraft:blue_dye":6,"minecraft:obsidian":64,"minecraft:cod":2,"minecraft:cobblestone":390,"minecraft:water_bucket":22,"minecraft:andesite":66,"minecraft:golden_leggings":2,"minecraft:potato":880,"minecraft:flint":1,"minecraft:lapis_lazuli":978,"minecraft:dirt":736,"minecraft:brown_candle":1,"minecraft:leather_boots":1,"minecraft:bone":207,"minecraft:acacia_planks":30,"minecraft:bow":22,"minecraft:green_candle":2,"minecraft:raw_gold":22,"minecraft:bamboo":1,"minecraft:glowstone_dust":32,"minecraft:diamond_helmet":10,"minecraft:powered_rail":2,"minecraft:moss_block":112,"minecraft:oak_planks":347,"minecraft:poisonous_potato":1,"minecraft:sand":29,"minecraft:granite_slab":6,"minecraft:diamond":95,"minecraft:spruce_boat":4,"minecraft:granite":144,"minecraft:golden_apple":3,"minecraft:emerald":152,"minecraft:oak_sapling":79,"minecraft:netherrack":12,"minecraft:diamond_pickaxe":14,"minecraft:mud":66,"minecraft:fishing_rod":5,"minecraft:crafting_table":17,"minecraft:ladder":30,"minecraft:clay_ball":416,"minecraft:turtle_helmet":1,"minecraft:oak_trapdoor":10,"minecraft:iron_axe":18,"minecraft:flint_and_steel":4,"minecraft:netherite_scrap":1,"minecraft:blackstone":14,"minecraft:oak_boat":2,"minecraft:spruce_slab":349,"minecraft:minecart":2,"minecraft:chest":1,"minecraft:spruce_trapdoor":13,"minecraft:diamond_hoe":6,"minecraft:raw_iron":80,"minecraft:copper_ingot":12,"minecraft:carrot":37,"minecraft:redstone":382,"minecraft:arrow":555,"minecraft:diamond_chestplate":11,"minecraft:light_blue_stained_glass_pane":1,"minecraft:shears":6,"minecraft:diamond_boots":12,"minecraft:gold_ingot":41,"minecraft:white_wool":27,"minecraft:rail":32,"minecraft:oak_log":184,"minecraft:chainmail_chestplate":1,"minecraft:ancient_debris":61,"minecraft:gunpowder":116,"minecraft:apple":5,"minecraft:acacia_trapdoor":2,"minecraft:iron_ingot":18,"minecraft:stone_pickaxe":8,"minecraft:soul_sand":12,"minecraft:iron_sword":5,"minecraft:acacia_sapling":4,"minecraft:oak_slab":233,"minecraft:quartz":31,"minecraft:dripstone_block":33,"minecraft:gravel":8,"minecraft:spruce_sapling":37,"minecraft:soul_torch":196,"minecraft:white_bed":9,"minecraft:spruce_log":224,"minecraft:spider_eye":122,"minecraft:slime_ball":3,"minecraft:stone_axe":1,"minecraft:diamond_axe":6,"minecraft:baked_potato":602,"minecraft:coal":129},"minecraft:mined":{"minecraft:spruce_planks":28,"minecraft:white_bed":7,"minecraft:farmland":87,"minecraft:obsidian":10,"minecraft:spruce_trapdoor":3,"minecraft:granite":61,"minecraft:acacia_log":13,"minecraft:grass_block":165,"minecraft:glowstone":14,"minecraft:iron_ore":7,"minecraft:fire":11,"minecraft:granite_slab":4,"minecraft:deepslate_lapis_ore":40,"minecraft:spruce_slab":177,"minecraft:deepslate_redstone_ore":34,"minecraft:blackstone":3,"minecraft:clay":27,"minecraft:torch":22,"minecraft:nether_quartz_ore":21,"minecraft:cobblestone":25,"minecraft:oak_planks":64,"minecraft:amethyst_block":9,"minecraft:deepslate_copper_ore":32,"minecraft:mud":55,"minecraft:oak_log":87,"minecraft:dirt":127,"minecraft:netherrack":32,"minecraft:ancient_debris":25,"minecraft:oak_leaves":491,"minecraft:deepslate":38,"minecraft:nether_gold_ore":20,"minecraft:deepslate_diamond_ore":32,"minecraft:ladder":2,"minecraft:spruce_leaves":50,"minecraft:moss_block":78,"minecraft:oak_trapdoor":5,"minecraft:spruce_sapling":4,"minecraft:carrots":6,"minecraft:andesite":52,"minecraft:potatoes":80,"minecraft:deepslate_iron_ore":38,"minecraft:cobblestone_slab":5,"minecraft:rail":4,"minecraft:green_candle":1,"minecraft:stone":171,"minecraft:podzol":4,"minecraft:oak_slab":15,"minecraft:acacia_leaves":1,"minecraft:soul_sand":10,"minecraft:crafting_table":6,"minecraft:deepslate_coal_ore":44,"minecraft:deepslate_gold_ore":24,"minecraft:sculk":14,"minecraft:diorite":41,"minecraft:spruce_log":8,"minecraft:coal_ore":4,"minecraft:gravel":9,"minecraft:dripstone_block":42,"minecraft:acacia_planks":15,"minecraft:deepslate_emerald_ore":37},"minecraft:killed":{"minecraft:witch":6,"minecraft:spider":10,"minecraft:skeleton":288,"minecraft:chicken":2,"minecraft:zombie_villager":4,"minecraft:creeper":278,"minecraft:zombie":270,"minecraft:enderman":1},"minecraft:crafted":{"minecraft:oak_planks":576,"minecraft:cobblestone_slab":126,"minecraft:diamond_shovel":1,"minecraft:glass":20,"minecraft:hopper":4,"minecraft:diamond_helmet":1,"minecraft:diamond_leggings":1,"minecraft:bow":7,"minecraft:chest":12,"minecraft:oak_button":1,"minecraft:glass_bottle":3,"minecraft:oak_slab":276,"minecraft:emerald":3,"minecraft:diamond_axe":1,"minecraft:crafting_table":5,"minecraft:spruce_planks":1288,"minecraft:wooden_pickaxe":1,"minecraft:smithing_table":1,"minecraft:spruce_trapdoor":84,"minecraft:charcoal":8,"minecraft:diamond_pickaxe":1,"minecraft:stick":180,"minecraft:iron_ingot":14,"minecraft:iron_pickaxe":1,"minecraft:stone_sword":1,"minecraft:gold_ingot":25,"minecraft:netherite_ingot":4,"minecraft:shears":1,"minecraft:wooden_sword":1,"minecraft:diamond_hoe":1,"minecraft:furnace":4,"minecraft:bone_meal":123,"minecraft:spruce_fence":3,"minecraft:white_carpet":6,"minecraft:oak_trapdoor":8,"minecraft:flint_and_steel":1,"minecraft:ladder":24,"minecraft:spruce_slab":894,"minecraft:stone_pickaxe":2,"minecraft:diamond_boots":1,"minecraft:spruce_boat":1,"minecraft:netherite_scrap":16,"minecraft:diamond_sword":1,"minecraft:iron_sword":1,"minecraft:acacia_trapdoor":2,"minecraft:stone_axe":2,"minecraft:air":0,"minecraft:oak_boat":2,"minecraft:white_wool":1,"minecraft:golden_apple":1,"minecraft:white_bed":5,"minecraft:acacia_planks":36,"minecraft:torch":36,"minecraft:granite_slab":72,"minecraft:diamond_chestplate":2},"minecraft:custom":{"minecraft:interact_with_crafting_table":110,"minecraft:open_shulker_box":7,"minecraft:leave_game":2,"minecraft:time_since_death":111987,"minecraft:sprint_one_cm":644997,"minecraft:drop":122,"minecraft:talked_to_villager":44,"minecraft:play_time":369833,"minecraft:deaths":22,"minecraft:jump":3495,"minecraft:walk_on_water_one_cm":9205,"minecraft:interact_with_furnace":66,"minecraft:traded_with_villager":3,"minecraft:sleep_in_bed":1,"minecraft:damage_dealt":26151,"minecraft:player_kills":9,"minecraft:crouch_one_cm":152309,"minecraft:use_cauldron":3,"minecraft:interact_with_smithing_table":2,"minecraft:mob_kills":864,"minecraft:climb_one_cm":37922,"minecraft:walk_one_cm":1051485,"minecraft:sneak_time":45343,"minecraft:walk_under_water_one_cm":5022,"minecraft:boat_one_cm":166566,"minecraft:total_world_time":369833,"minecraft:time_since_rest":83337,"minecraft:damage_taken":10143,"minecraft:swim_one_cm":784,"minecraft:fly_one_cm":614641,"minecraft:open_chest":243,"minecraft:fish_caught":3,"minecraft:fall_one_cm":88432}},"DataVersion":3953}