{"stats":{"minecraft:dropped":{"minecraft:iron_sword":1,"minecraft:oak_slab":65,"minecraft:moss_block":40,"minecraft:lapis_lazuli":42,"minecraft:baked_potato":33,"minecraft:diamond":17,"minecraft:minecart":1,"minecraft:crafting_table":1,"minecraft:dripstone_block":1,"minecraft:apple":2,"minecraft:amethyst_block":7,"minecraft:granite":2,"minecraft:rail":9,"minecraft:acacia_log":8,"minecraft:coal":1,"minecraft:stick":1,"minecraft:dirt":107,"minecraft:diorite":6,"minecraft:mud":19,"minecraft:iron_pickaxe":1,"minecraft:string":3,"minecraft:fishing_rod":1,"minecraft:redstone":8,"minecraft:spruce_sapling":9,"minecraft:gold_ingot":4,"minecraft:bone":82,"minecraft:blackstone":3,"minecraft:ancient_debris":13,"minecraft:cobbled_deepslate":1,"minecraft:raw_copper":28,"minecraft:raw_iron":6,"minecraft:rotten_flesh":24,"minecraft:clay_ball":72,"minecraft:oak_planks":9,"minecraft:carrot":2,"minecraft:diamond_sword":3,"minecraft:potato":438,"minecraft:turtle_helmet":1,"minecraft:gunpowder":24,"minecraft:spruce_planks":2,"minecraft:diamond_pickaxe":2,"minecraft:andesite":6,"minecraft:azalea":9,"minecraft:acacia_sapling":2,"minecraft:bow":4,"minecraft:stone_pickaxe":1,"minecraft:stone_hoe":1,"minecraft:water_bucket":1},"minecraft:used":{"minecraft:oak_trapdoor":13,"minecraft:moss_block":18,"minecraft:stone_sword":18,"minecraft:acacia_log":3,"minecraft:flint_and_steel":14,"minecraft:spruce_slab":963,"minecraft:diamond_hoe":602,"minecraft:ladder":29,"minecraft:chest":8,"minecraft:spruce_planks":537,"minecraft:iron_sword":196,"minecraft:stone_hoe":2,"minecraft:torch":39,"minecraft:dirt":302,"minecraft:white_carpet":4,"minecraft:hopper":4,"minecraft:carrot":12,"minecraft:acacia_sapling":1,"minecraft:spruce_fence":1,"minecraft:granite":28,"minecraft:obsidian":10,"minecraft:spruce_boat":1,"minecraft:glass":12,"minecraft:iron_axe":262,"minecraft:bow":71,"minecraft:oak_sapling":7,"minecraft:furnace":4,"minecraft:acacia_planks":3,"minecraft:water_bucket":28,"minecraft:amethyst_block":1,"minecraft:diorite":6,"minecraft:diamond_boots":1,"minecraft:glass_bottle":9,"minecraft:acacia_trapdoor":2,"minecraft:stone_pickaxe":196,"minecraft:baked_potato":81,"minecraft:oak_planks":419,"minecraft:wooden_pickaxe":57,"minecraft:diamond_axe":102,"minecraft:cobblestone_slab":107,"minecraft:oak_slab":157,"minecraft:crafting_table":9,"minecraft:white_bed":14,"minecraft:dripstone_block":3,"minecraft:mud":9,"minecraft:diamond_pickaxe":1005,"minecraft:diamond_shovel":201,"minecraft:iron_pickaxe":3,"minecraft:oak_button":1,"minecraft:spruce_trapdoor":74,"minecraft:gravel":8,"minecraft:spruce_sapling":7,"minecraft:stone_axe":99,"minecraft:granite_slab":78,"minecraft:green_candle":1,"minecraft:potion":4,"minecraft:wooden_sword":59,"minecraft:diamond_sword":220,"minecraft:cobblestone":74,"minecraft:andesite":29,"minecraft:bucket":27,"minecraft:bone_meal":3,"minecraft:diamond_leggings":1,"minecraft:oak_boat":2,"minecraft:air":5},"minecraft:killed_by":{"minecraft:zombie_villager":4,"minecraft:player":4,"minecraft:creeper":2,"minecraft:skeleton":1,"minecraft:witch":9},"minecraft:broken":{"minecraft:wooden_pickaxe":1,"minecraft:golden_leggings":1,"minecraft:stone_pickaxe":1,"minecraft:iron_axe":2,"minecraft:wooden_sword":1},"minecraft:picked_up":{"minecraft:shulker_shell":6,"minecraft:fishing_rod":4,"minecraft:mud":61,"minecraft:crafting_table":17,"minecraft:chainmail_boots":1,"minecraft:ladder":30,"minecraft:clay_ball":404,"minecraft:turtle_helmet":1,"minecraft:lead":6,"minecraft:diamond_sword":9,"minecraft:potion":4,"minecraft:amethyst_block":37,"minecraft:string":33,"minecraft:oak_trapdoor":10,"minecraft:raw_copper":120,"minecraft:iron_axe":18,"minecraft:flint_and_steel":4,"minecraft:netherite_ingot":24,"minecraft:blackstone":13,"minecraft:diamond_leggings":11,"minecraft:gold_nugget":162,"minecraft:cobbled_deepslate":67,"minecraft:bucket":1,"minecraft:spruce_planks":799,"minecraft:minecart":1,"minecraft:cobblestone_slab":42,"minecraft:oak_boat":2,"minecraft:azalea":27,"minecraft:iron_pickaxe":4,"minecraft:spruce_slab":347,"minecraft:chest":1,"minecraft:diamond_hoe":6,"minecraft:spruce_trapdoor":13,"minecraft:stick":171,"minecraft:raw_iron":77,"minecraft:copper_ingot":12,"minecraft:torch":70,"minecraft:acacia_log":21,"minecraft:diorite":46,"minecraft:carrot":22,"minecraft:redstone":369,"minecraft:shaper_armor_trim_smithing_template":1,"minecraft:arrow":551,"minecraft:rotten_flesh":88,"minecraft:diamond_chestplate":11,"minecraft:light_blue_stained_glass_pane":1,"minecraft:shears":6,"minecraft:diamond_boots":12,"minecraft:blue_dye":6,"minecraft:gold_ingot":41,"minecraft:rail":10,"minecraft:obsidian":60,"minecraft:white_wool":27,"minecraft:cobblestone":370,"minecraft:water_bucket":22,"minecraft:andesite":66,"minecraft:golden_leggings":2,"minecraft:potato":452,"minecraft:flint":1,"minecraft:oak_log":179,"minecraft:chainmail_chestplate":1,"minecraft:ancient_debris":59,"minecraft:gunpowder":116,"minecraft:lapis_lazuli":940,"minecraft:dirt":725,"minecraft:brown_candle":1,"minecraft:bone":201,"minecraft:acacia_planks":27,"minecraft:apple":5,"minecraft:bow":22,"minecraft:acacia_trapdoor":2,"minecraft:green_candle":2,"minecraft:raw_gold":21,"minecraft:iron_ingot":18,"minecraft:stone_pickaxe":8,"minecraft:diamond_helmet":10,"minecraft:glowstone_dust":28,"minecraft:bamboo":1,"minecraft:moss_block":111,"minecraft:iron_sword":5,"minecraft:oak_planks":347,"minecraft:acacia_sapling":4,"minecraft:soul_sand":12,"minecraft:oak_slab":233,"minecraft:quartz":31,"minecraft:dripstone_block":29,"minecraft:gravel":8,"minecraft:sand":29,"minecraft:soul_torch":196,"minecraft:spruce_sapling":37,"minecraft:granite_slab":6,"minecraft:white_bed":9,"minecraft:spruce_log":224,"minecraft:spider_eye":122,"minecraft:slime_ball":3,"minecraft:diamond":95,"minecraft:spruce_boat":4,"minecraft:stone_axe":1,"minecraft:diamond_axe":6,"minecraft:granite":140,"minecraft:golden_apple":3,"minecraft:emerald":150,"minecraft:baked_potato":602,"minecraft:oak_sapling":78,"minecraft:netherrack":12,"minecraft:coal":127,"minecraft:diamond_pickaxe":14},"minecraft:mined":{"minecraft:nether_gold_ore":20,"minecraft:white_bed":7,"minecraft:spruce_planks":26,"minecraft:farmland":87,"minecraft:deepslate_diamond_ore":32,"minecraft:obsidian":6,"minecraft:spruce_trapdoor":3,"minecraft:ladder":2,"minecraft:granite":57,"minecraft:acacia_log":13,"minecraft:grass_block":154,"minecraft:spruce_leaves":48,"minecraft:moss_block":77,"minecraft:oak_trapdoor":5,"minecraft:glowstone":13,"minecraft:spruce_sapling":4,"minecraft:iron_ore":7,"minecraft:fire":11,"minecraft:andesite":52,"minecraft:deepslate_lapis_ore":35,"minecraft:granite_slab":4,"minecraft:rail":4,"minecraft:potatoes":1,"minecraft:cobblestone_slab":5,"minecraft:deepslate_iron_ore":35,"minecraft:green_candle":1,"minecraft:stone":161,"minecraft:spruce_slab":172,"minecraft:podzol":4,"minecraft:deepslate_redstone_ore":31,"minecraft:oak_slab":15,"minecraft:acacia_leaves":1,"minecraft:soul_sand":10,"minecraft:blackstone":2,"minecraft:clay":24,"minecraft:crafting_table":6,"minecraft:torch":20,"minecraft:nether_quartz_ore":21,"minecraft:cobblestone":15,"minecraft:deepslate_coal_ore":42,"minecraft:deepslate_gold_ore":23,"minecraft:oak_planks":64,"minecraft:sculk":10,"minecraft:diorite":36,"minecraft:amethyst_block":6,"minecraft:deepslate_copper_ore":31,"minecraft:mud":50,"minecraft:spruce_log":8,"minecraft:coal_ore":4,"minecraft:oak_log":82,"minecraft:gravel":9,"minecraft:dripstone_block":38,"minecraft:dirt":127,"minecraft:acacia_planks":11,"minecraft:ancient_debris":23,"minecraft:netherrack":32,"minecraft:deepslate_emerald_ore":35,"minecraft:oak_leaves":490,"minecraft:deepslate":37},"minecraft:killed":{"minecraft:witch":5,"minecraft:spider":10,"minecraft:skeleton":211,"minecraft:chicken":1,"minecraft:zombie_villager":1,"minecraft:creeper":195,"minecraft:zombie":196,"minecraft:enderman":1},"minecraft:crafted":{"minecraft:wooden_sword":1,"minecraft:oak_planks":576,"minecraft:cobblestone_slab":126,"minecraft:diamond_hoe":1,"minecraft:furnace":4,"minecraft:bone_meal":3,"minecraft:diamond_shovel":1,"minecraft:spruce_fence":3,"minecraft:white_carpet":6,"minecraft:oak_trapdoor":8,"minecraft:flint_and_steel":1,"minecraft:glass":20,"minecraft:hopper":4,"minecraft:bow":7,"minecraft:diamond_helmet":1,"minecraft:diamond_leggings":1,"minecraft:ladder":24,"minecraft:spruce_slab":804,"minecraft:stone_pickaxe":2,"minecraft:chest":12,"minecraft:diamond_boots":1,"minecraft:oak_button":1,"minecraft:spruce_boat":1,"minecraft:netherite_scrap":16,"minecraft:glass_bottle":3,"minecraft:oak_slab":276,"minecraft:diamond_sword":1,"minecraft:emerald":3,"minecraft:diamond_axe":1,"minecraft:crafting_table":5,"minecraft:spruce_planks":1032,"minecraft:wooden_pickaxe":1,"minecraft:iron_sword":1,"minecraft:acacia_trapdoor":2,"minecraft:stone_axe":2,"minecraft:air":0,"minecraft:oak_boat":2,"minecraft:spruce_trapdoor":82,"minecraft:white_wool":1,"minecraft:diamond_pickaxe":1,"minecraft:charcoal":8,"minecraft:golden_apple":1,"minecraft:stick":180,"minecraft:iron_ingot":12,"minecraft:iron_pickaxe":1,"minecraft:stone_sword":1,"minecraft:gold_ingot":25,"minecraft:white_bed":5,"minecraft:netherite_ingot":4,"minecraft:acacia_planks":36,"minecraft:torch":36,"minecraft:granite_slab":72,"minecraft:shears":1,"minecraft:diamond_chestplate":1},"minecraft:custom":{"minecraft:mob_kills":625,"minecraft:interact_with_crafting_table":107,"minecraft:open_shulker_box":7,"minecraft:leave_game":2,"minecraft:time_since_death":63987,"minecraft:climb_one_cm":37009,"minecraft:sprint_one_cm":578796,"minecraft:walk_one_cm":918707,"minecraft:drop":112,"minecraft:talked_to_villager":44,"minecraft:play_time":321833,"minecraft:sneak_time":43378,"minecraft:deaths":22,"minecraft:walk_under_water_one_cm":444,"minecraft:boat_one_cm":166566,"minecraft:jump":3191,"minecraft:walk_on_water_one_cm":8458,"minecraft:total_world_time":321833,"minecraft:interact_with_furnace":64,"minecraft:traded_with_villager":3,"minecraft:sleep_in_bed":1,"minecraft:time_since_rest":35337,"minecraft:damage_taken":10123,"minecraft:damage_dealt":21691,"minecraft:player_kills":9,"minecraft:swim_one_cm":784,"minecraft:fly_one_cm":542127,"minecraft:open_chest":210,"minecraft:crouch_one_cm":147564,"minecraft:fall_one_cm":81339,"minecraft:use_cauldron":3}},"DataVersion":3953}