{"stats":{"minecraft:dropped":{"minecraft:iron_sword":1,"minecraft:oak_slab":65,"minecraft:moss_block":39,"minecraft:lapis_lazuli":38,"minecraft:baked_potato":33,"minecraft:diamond":17,"minecraft:crafting_table":1,"minecraft:dripstone_block":1,"minecraft:amethyst_block":1,"minecraft:granite":2,"minecraft:acacia_log":8,"minecraft:coal":1,"minecraft:stick":1,"minecraft:dirt":34,"minecraft:diorite":6,"minecraft:mud":19,"minecraft:iron_pickaxe":1,"minecraft:string":3,"minecraft:fishing_rod":1,"minecraft:spruce_sapling":2,"minecraft:bone":82,"minecraft:blackstone":1,"minecraft:ancient_debris":13,"minecraft:cobbled_deepslate":1,"minecraft:raw_copper":28,"minecraft:raw_iron":6,"minecraft:rotten_flesh":24,"minecraft:clay_ball":72,"minecraft:oak_planks":9,"minecraft:carrot":2,"minecraft:diamond_sword":2,"minecraft:turtle_helmet":1,"minecraft:andesite":3,"minecraft:acacia_sapling":2,"minecraft:azalea":9,"minecraft:bow":2,"minecraft:stone_pickaxe":1},"minecraft:killed_by":{"minecraft:zombie_villager":3,"minecraft:player":2,"minecraft:creeper":2,"minecraft:skeleton":1,"minecraft:witch":6},"minecraft:crafted":{"minecraft:wooden_sword":1,"minecraft:oak_planks":536,"minecraft:cobblestone_slab":126,"minecraft:furnace":4,"minecraft:oak_trapdoor":8,"minecraft:flint_and_steel":1,"minecraft:glass":3,"minecraft:hopper":4,"minecraft:diamond_helmet":1,"minecraft:diamond_leggings":1,"minecraft:ladder":24,"minecraft:spruce_slab":312,"minecraft:stone_pickaxe":2,"minecraft:chest":12,"minecraft:diamond_boots":1,"minecraft:oak_button":1,"minecraft:spruce_boat":1,"minecraft:netherite_scrap":16,"minecraft:glass_bottle":3,"minecraft:oak_slab":276,"minecraft:diamond_sword":1,"minecraft:diamond_axe":1,"minecraft:crafting_table":5,"minecraft:spruce_planks":896,"minecraft:wooden_pickaxe":1,"minecraft:iron_sword":1,"minecraft:acacia_trapdoor":2,"minecraft:stone_axe":2,"minecraft:air":0,"minecraft:oak_boat":2,"minecraft:spruce_trapdoor":78,"minecraft:charcoal":8,"minecraft:golden_apple":1,"minecraft:stick":84,"minecraft:iron_ingot":12,"minecraft:iron_pickaxe":1,"minecraft:stone_sword":1,"minecraft:gold_ingot":21,"minecraft:white_bed":3,"minecraft:netherite_ingot":4,"minecraft:acacia_planks":36,"minecraft:torch":32,"minecraft:shears":1,"minecraft:granite_slab":72,"minecraft:diamond_chestplate":1},"minecraft:picked_up":{"minecraft:shulker_shell":6,"minecraft:fishing_rod":4,"minecraft:mud":61,"minecraft:crafting_table":17,"minecraft:ladder":27,"minecraft:clay_ball":160,"minecraft:turtle_helmet":1,"minecraft:lead":6,"minecraft:diamond_sword":2,"minecraft:potion":4,"minecraft:amethyst_block":6,"minecraft:string":33,"minecraft:oak_trapdoor":3,"minecraft:raw_copper":116,"minecraft:iron_axe":11,"minecraft:netherite_ingot":24,"minecraft:blackstone":2,"minecraft:diamond_leggings":5,"minecraft:gold_nugget":135,"minecraft:cobbled_deepslate":66,"minecraft:bucket":1,"minecraft:spruce_planks":185,"minecraft:oak_boat":2,"minecraft:azalea":27,"minecraft:iron_pickaxe":3,"minecraft:spruce_slab":84,"minecraft:chest":1,"minecraft:spruce_trapdoor":11,"minecraft:stick":22,"minecraft:raw_iron":77,"minecraft:copper_ingot":12,"minecraft:torch":61,"minecraft:acacia_log":21,"minecraft:diorite":46,"minecraft:carrot":22,"minecraft:redstone":317,"minecraft:shaper_armor_trim_smithing_template":1,"minecraft:arrow":287,"minecraft:rotten_flesh":71,"minecraft:diamond_chestplate":5,"minecraft:light_blue_stained_glass_pane":1,"minecraft:diamond_boots":6,"minecraft:blue_dye":6,"minecraft:gold_ingot":27,"minecraft:obsidian":12,"minecraft:white_wool":18,"minecraft:cobblestone":315,"minecraft:water_bucket":15,"minecraft:andesite":59,"minecraft:golden_leggings":2,"minecraft:potato":1,"minecraft:flint":1,"minecraft:oak_log":124,"minecraft:ancient_debris":56,"minecraft:gunpowder":86,"minecraft:lapis_lazuli":821,"minecraft:dirt":200,"minecraft:brown_candle":1,"minecraft:bone":128,"minecraft:apple":3,"minecraft:bow":14,"minecraft:acacia_trapdoor":2,"minecraft:green_candle":2,"minecraft:raw_gold":21,"minecraft:iron_ingot":18,"minecraft:stone_pickaxe":8,"minecraft:diamond_helmet":5,"minecraft:glowstone_dust":28,"minecraft:bamboo":1,"minecraft:moss_block":89,"minecraft:iron_sword":5,"minecraft:oak_planks":305,"minecraft:acacia_sapling":4,"minecraft:soul_sand":11,"minecraft:oak_slab":233,"minecraft:quartz":24,"minecraft:dripstone_block":28,"minecraft:gravel":8,"minecraft:sand":29,"minecraft:spruce_sapling":15,"minecraft:granite_slab":6,"minecraft:white_bed":3,"minecraft:spruce_log":224,"minecraft:spider_eye":122,"minecraft:slime_ball":3,"minecraft:diamond":73,"minecraft:spruce_boat":1,"minecraft:stone_axe":1,"minecraft:granite":140,"minecraft:golden_apple":3,"minecraft:emerald":130,"minecraft:baked_potato":319,"minecraft:oak_sapling":8,"minecraft:netherrack":11,"minecraft:coal":124,"minecraft:diamond_pickaxe":6},"minecraft:used":{"minecraft:oak_trapdoor":11,"minecraft:moss_block":18,"minecraft:stone_sword":18,"minecraft:acacia_log":3,"minecraft:flint_and_steel":2,"minecraft:spruce_slab":351,"minecraft:ladder":26,"minecraft:chest":8,"minecraft:spruce_planks":537,"minecraft:iron_sword":196,"minecraft:torch":28,"minecraft:dirt":19,"minecraft:hopper":4,"minecraft:carrot":12,"minecraft:acacia_sapling":1,"minecraft:granite":28,"minecraft:obsidian":10,"minecraft:spruce_boat":1,"minecraft:iron_axe":193,"minecraft:bow":49,"minecraft:oak_sapling":2,"minecraft:furnace":4,"minecraft:acacia_planks":3,"minecraft:water_bucket":24,"minecraft:diorite":6,"minecraft:amethyst_block":1,"minecraft:diamond_boots":1,"minecraft:glass_bottle":9,"minecraft:acacia_trapdoor":2,"minecraft:stone_pickaxe":196,"minecraft:baked_potato":33,"minecraft:oak_planks":392,"minecraft:wooden_pickaxe":57,"minecraft:diamond_axe":17,"minecraft:cobblestone_slab":107,"minecraft:oak_slab":157,"minecraft:crafting_table":9,"minecraft:white_bed":6,"minecraft:dripstone_block":3,"minecraft:mud":9,"minecraft:diamond_pickaxe":990,"minecraft:oak_button":1,"minecraft:iron_pickaxe":1,"minecraft:spruce_trapdoor":69,"minecraft:gravel":8,"minecraft:spruce_sapling":7,"minecraft:stone_axe":99,"minecraft:granite_slab":78,"minecraft:green_candle":1,"minecraft:diamond_sword":41,"minecraft:potion":4,"minecraft:wooden_sword":59,"minecraft:cobblestone":63,"minecraft:andesite":29,"minecraft:bucket":24,"minecraft:diamond_leggings":1,"minecraft:oak_boat":2,"minecraft:air":5},"minecraft:broken":{"minecraft:wooden_pickaxe":1,"minecraft:golden_leggings":1,"minecraft:stone_pickaxe":1,"minecraft:iron_axe":1,"minecraft:wooden_sword":1},"minecraft:killed":{"minecraft:witch":1,"minecraft:spider":10,"minecraft:skeleton":126,"minecraft:zombie_villager":1,"minecraft:creeper":113,"minecraft:zombie":123,"minecraft:enderman":1},"minecraft:custom":{"minecraft:mob_kills":378,"minecraft:interact_with_crafting_table":97,"minecraft:open_shulker_box":5,"minecraft:leave_game":2,"minecraft:time_since_death":40179,"minecraft:climb_one_cm":31191,"minecraft:sprint_one_cm":398206,"minecraft:walk_one_cm":597961,"minecraft:drop":72,"minecraft:talked_to_villager":34,"minecraft:play_time":228024,"minecraft:sneak_time":30401,"minecraft:deaths":16,"minecraft:walk_under_water_one_cm":444,"minecraft:boat_one_cm":32338,"minecraft:jump":2149,"minecraft:walk_on_water_one_cm":7530,"minecraft:total_world_time":228024,"minecraft:interact_with_furnace":56,"minecraft:time_since_rest":40206,"minecraft:damage_taken":6282,"minecraft:damage_dealt":14644,"minecraft:player_kills":6,"minecraft:swim_one_cm":784,"minecraft:fly_one_cm":350336,"minecraft:open_chest":128,"minecraft:crouch_one_cm":93961,"minecraft:fall_one_cm":54561,"minecraft:use_cauldron":3},"minecraft:mined":{"minecraft:nether_gold_ore":20,"minecraft:white_bed":3,"minecraft:spruce_planks":26,"minecraft:deepslate_diamond_ore":32,"minecraft:obsidian":5,"minecraft:spruce_trapdoor":1,"minecraft:ladder":2,"minecraft:granite":57,"minecraft:acacia_log":13,"minecraft:grass_block":154,"minecraft:spruce_leaves":48,"minecraft:moss_block":77,"minecraft:oak_trapdoor":4,"minecraft:spruce_sapling":4,"minecraft:glowstone":13,"minecraft:iron_ore":7,"minecraft:fire":1,"minecraft:andesite":52,"minecraft:granite_slab":4,"minecraft:deepslate_lapis_ore":34,"minecraft:cobblestone_slab":2,"minecraft:deepslate_iron_ore":35,"minecraft:green_candle":1,"minecraft:stone":161,"minecraft:spruce_slab":65,"minecraft:podzol":4,"minecraft:deepslate_redstone_ore":31,"minecraft:oak_slab":15,"minecraft:acacia_leaves":1,"minecraft:blackstone":2,"minecraft:soul_sand":10,"minecraft:clay":24,"minecraft:crafting_table":6,"minecraft:torch":13,"minecraft:nether_quartz_ore":21,"minecraft:cobblestone":7,"minecraft:deepslate_coal_ore":42,"minecraft:deepslate_gold_ore":23,"minecraft:oak_planks":59,"minecraft:sculk":10,"minecraft:diorite":35,"minecraft:amethyst_block":6,"minecraft:deepslate_copper_ore":31,"minecraft:mud":50,"minecraft:spruce_log":8,"minecraft:oak_log":73,"minecraft:coal_ore":4,"minecraft:gravel":9,"minecraft:dripstone_block":38,"minecraft:dirt":9,"minecraft:acacia_planks":1,"minecraft:netherrack":32,"minecraft:ancient_debris":23,"minecraft:deepslate_emerald_ore":35,"minecraft:oak_leaves":57,"minecraft:deepslate":37}},"DataVersion":3953}