{"stats":{"minecraft:dropped":{"minecraft:water_bucket":2,"minecraft:iron_ingot":2,"minecraft:moss_block":73,"minecraft:lapis_lazuli":131,"minecraft:oak_log":149,"minecraft:baked_potato":4,"minecraft:diamond":18,"minecraft:dripstone_block":37,"minecraft:poisonous_potato":3,"minecraft:cobblestone":319,"minecraft:lead":1,"minecraft:granite":26,"minecraft:coal":3,"minecraft:dirt":112,"minecraft:diorite":3,"minecraft:wooden_axe":1,"minecraft:iron_axe":1,"minecraft:mud":95,"minecraft:iron_pickaxe":2,"minecraft:string":19,"minecraft:stone_axe":1,"minecraft:cobbled_deepslate":45,"minecraft:tuff":9,"minecraft:raw_iron":6,"minecraft:cherry_sapling":2,"minecraft:rotten_flesh":2,"minecraft:oak_planks":4,"minecraft:carrot":24,"minecraft:gunpowder":13,"minecraft:spruce_planks":64,"minecraft:andesite":15,"minecraft:slime_ball":1,"minecraft:arrow":15,"minecraft:spruce_slab":23,"minecraft:bow":1,"minecraft:wooden_pickaxe":1,"minecraft:stone_pickaxe":3,"minecraft:brick":1,"minecraft:quartz":12,"minecraft:netherrack":23,"minecraft:stone_hoe":1},"minecraft:killed_by":{"minecraft:player":15,"minecraft:creeper":2,"minecraft:skeleton":3,"minecraft:zombie":1},"minecraft:crafted":{"minecraft:nether_wart":5,"minecraft:oak_planks":156,"minecraft:cobblestone_slab":18,"minecraft:fishing_rod":1,"minecraft:sand":32,"minecraft:furnace":1,"minecraft:bone_meal":9,"minecraft:potato":5,"minecraft:pig_spawn_egg":1,"minecraft:terracotta":18,"minecraft:bow":9,"minecraft:iron_axe":1,"minecraft:melon_seeds":1,"minecraft:slime_ball":5,"minecraft:stone_pickaxe":2,"minecraft:chest":1,"minecraft:stone_hoe":1,"minecraft:oak_fence":18,"minecraft:lead":4,"minecraft:turtle_helmet":1,"minecraft:shulker_shell":1,"minecraft:oak_slab":114,"minecraft:wooden_shovel":2,"minecraft:crafting_table":1,"minecraft:wooden_pickaxe":1,"minecraft:baked_potato":39,"minecraft:iron_sword":1,"minecraft:sniffer_egg":1,"minecraft:copper_ingot":77,"minecraft:bucket":2,"minecraft:sheep_spawn_egg":2,"minecraft:air":0,"minecraft:string":19,"minecraft:charcoal":9,"minecraft:diamond_pickaxe":1,"minecraft:stick":24,"minecraft:iron_ingot":60,"minecraft:turtle_scute":8,"minecraft:iron_pickaxe":2,"minecraft:wooden_axe":1,"minecraft:gold_ingot":38,"minecraft:acacia_sapling":2,"minecraft:carrot":25},"minecraft:picked_up":{"minecraft:shulker_shell":3,"minecraft:mud":551,"minecraft:wheat":7,"minecraft:chainmail_boots":10,"minecraft:ladder":27,"minecraft:nether_wart":10,"minecraft:clay_ball":1508,"minecraft:turtle_helmet":7,"minecraft:lead":22,"minecraft:wooden_pickaxe":2,"minecraft:potion":7,"minecraft:brick":6,"minecraft:string":91,"minecraft:raw_copper":244,"minecraft:iron_axe":4,"minecraft:pufferfish":1,"minecraft:gold_nugget":52,"minecraft:cobbled_deepslate":97,"minecraft:bucket":12,"minecraft:spruce_planks":285,"minecraft:cobblestone_slab":20,"minecraft:spruce_slab":353,"minecraft:iron_pickaxe":18,"minecraft:spruce_trapdoor":20,"minecraft:stick":41,"minecraft:raw_iron":170,"minecraft:copper_ingot":104,"minecraft:torch":17,"minecraft:lightning_rod":1,"minecraft:diorite":88,"minecraft:carrot":54,"minecraft:redstone":369,"minecraft:cauldron":1,"minecraft:sniffer_egg":2,"minecraft:stone_sword":16,"minecraft:arrow":197,"minecraft:rotten_flesh":8,"minecraft:gold_ingot":29,"minecraft:spruce_hanging_sign":9,"minecraft:cobblestone":1116,"minecraft:stripped_oak_log":5,"minecraft:water_bucket":18,"minecraft:andesite":104,"minecraft:potato":98,"minecraft:tuff":9,"minecraft:oak_log":277,"minecraft:ancient_debris":4,"minecraft:gunpowder":129,"minecraft:lapis_lazuli":1896,"minecraft:dirt":498,"minecraft:bone":135,"minecraft:acacia_planks":26,"minecraft:apple":4,"minecraft:bow":36,"minecraft:creeper_spawn_egg":4,"minecraft:raw_gold":89,"minecraft:stone_pickaxe":4,"minecraft:turtle_scute":3,"minecraft:iron_ingot":44,"minecraft:glowstone_dust":27,"minecraft:bamboo":3,"minecraft:soul_sand":2,"minecraft:moss_block":561,"minecraft:stone_hoe":1,"minecraft:oak_planks":99,"minecraft:acacia_sapling":7,"minecraft:oak_slab":23,"minecraft:quartz":32,"minecraft:poisonous_potato":27,"minecraft:dripstone_block":183,"minecraft:spruce_sapling":131,"minecraft:spruce_log":54,"minecraft:shulker_box":18,"minecraft:spider_eye":2,"minecraft:slime_ball":20,"minecraft:diamond":56,"minecraft:spruce_boat":2,"minecraft:stone_axe":10,"minecraft:cherry_sapling":2,"minecraft:granite":156,"minecraft:bone_meal":55,"minecraft:charcoal":18,"minecraft:netherrack":103,"minecraft:emerald":104,"minecraft:baked_potato":259,"minecraft:oak_sapling":14,"minecraft:coal":163,"minecraft:diamond_pickaxe":9,"minecraft:fishing_rod":2,"minecraft:wooden_axe":12},"minecraft:used":{"minecraft:stone_sword":41,"minecraft:ladder":6,"minecraft:chest":1,"minecraft:spruce_planks":9,"minecraft:iron_sword":3,"minecraft:wooden_shovel":118,"minecraft:rotten_flesh":6,"minecraft:stone_hoe":10,"minecraft:torch":9,"minecraft:dirt":38,"minecraft:carrot":15,"minecraft:shulker_box":7,"minecraft:acacia_sapling":7,"minecraft:spruce_boat":1,"minecraft:wooden_axe":56,"minecraft:iron_axe":104,"minecraft:melon_seeds":1,"minecraft:bow":36,"minecraft:oak_sapling":5,"minecraft:furnace":1,"minecraft:potato":12,"minecraft:water_bucket":12,"minecraft:stone_pickaxe":262,"minecraft:baked_potato":15,"minecraft:wooden_pickaxe":26,"minecraft:cauldron":1,"minecraft:sniffer_egg":3,"minecraft:cobblestone_slab":38,"minecraft:oak_slab":82,"minecraft:crafting_table":1,"minecraft:spider_eye":1,"minecraft:lightning_rod":1,"minecraft:creeper_spawn_egg":1,"minecraft:mud":4,"minecraft:diamond_pickaxe":89,"minecraft:iron_pickaxe":496,"minecraft:spruce_sapling":2,"minecraft:pufferfish":1,"minecraft:stone_axe":34,"minecraft:fishing_rod":7,"minecraft:cobblestone":3,"minecraft:turtle_helmet":1,"minecraft:bucket":15,"minecraft:oak_fence":18,"minecraft:moss_block":15,"minecraft:bone_meal":10},"minecraft:broken":{"minecraft:wooden_shovel":2,"minecraft:stone_pickaxe":2,"minecraft:iron_pickaxe":2,"minecraft:wooden_axe":1},"minecraft:killed":{"minecraft:spider":1,"minecraft:skeleton":30,"minecraft:creeper":21,"minecraft:zombie":11},"minecraft:custom":{"minecraft:mob_kills":63,"minecraft:interact_with_crafting_table":32,"minecraft:open_shulker_box":8,"minecraft:leave_game":2,"minecraft:time_since_death":0,"minecraft:climb_one_cm":3669,"minecraft:sprint_one_cm":351962,"minecraft:walk_one_cm":261754,"minecraft:drop":141,"minecraft:talked_to_villager":89,"minecraft:play_time":165972,"minecraft:sneak_time":10278,"minecraft:deaths":22,"minecraft:walk_under_water_one_cm":4347,"minecraft:boat_one_cm":1804,"minecraft:jump":1656,"minecraft:walk_on_water_one_cm":6435,"minecraft:total_world_time":165972,"minecraft:interact_with_furnace":84,"minecraft:traded_with_villager":22,"minecraft:time_since_rest":552,"minecraft:damage_taken":7139,"minecraft:damage_dealt":2625,"minecraft:player_kills":6,"minecraft:swim_one_cm":5804,"minecraft:fly_one_cm":370693,"minecraft:open_chest":99,"minecraft:crouch_one_cm":24868,"minecraft:interact_with_smoker":5,"minecraft:fall_one_cm":38941,"minecraft:use_cauldron":1},"minecraft:mined":{"minecraft:nether_gold_ore":2,"minecraft:deepslate_diamond_ore":12,"minecraft:shulker_box":7,"minecraft:granite":45,"minecraft:grass_block":283,"minecraft:spruce_leaves":58,"minecraft:moss_block":135,"minecraft:redstone_ore":6,"minecraft:glowstone":3,"minecraft:carrots":3,"minecraft:iron_ore":43,"minecraft:andesite":35,"minecraft:deepslate_lapis_ore":10,"minecraft:potatoes":7,"minecraft:deepslate_iron_ore":12,"minecraft:cobblestone_slab":1,"minecraft:stripped_oak_log":4,"minecraft:stone":173,"minecraft:podzol":5,"minecraft:deepslate_redstone_ore":8,"minecraft:oak_slab":4,"minecraft:soul_sand":3,"minecraft:clay":21,"minecraft:crafting_table":1,"minecraft:torch":1,"minecraft:nether_quartz_ore":4,"minecraft:lightning_rod":1,"minecraft:copper_ore":2,"minecraft:cobblestone":13,"minecraft:deepslate_coal_ore":15,"minecraft:lapis_ore":2,"minecraft:deepslate_gold_ore":8,"minecraft:diorite":29,"minecraft:sniffer_egg":1,"minecraft:deepslate_copper_ore":10,"minecraft:acacia_sapling":1,"minecraft:mud":60,"minecraft:spruce_log":1,"minecraft:oak_log":134,"minecraft:coal_ore":42,"minecraft:dripstone_block":62,"minecraft:dirt":12,"minecraft:netherrack":3,"minecraft:ancient_debris":1,"minecraft:gold_ore":3,"minecraft:oak_leaves":77,"minecraft:deepslate_emerald_ore":20,"minecraft:deepslate":13}},"DataVersion":3953}